subject,tag,file,lineno,LMC,Smell
Adlik,00992ecc654e3397bad72cc1e5145810b5dd2912,10,10,10,LongMessageChain
Adlik,0183669c7a58b73cbd21b365bcabd8538fc1d87a,12,12,12,LongMessageChain
Adlik,01b8e7ff9523972f4e0431b30a9d66b00eb95c93,10,10,10,LongMessageChain
Adlik,024bc286a67be22770c21b7b4a961ce3b6feeaa5,3,3,3,LongMessageChain
Adlik,02847414f46d6e48962133a014252d33872cc242,12,12,12,LongMessageChain
Adlik,02bf098787b7d411f69c7b6a83c97c3a62b5a3e4,12,12,12,LongMessageChain
Adlik,03161d6ce6b0de043ba933e097cef522a017afa0,10,10,10,LongMessageChain
Adlik,03e6a083739497e75a40024dabde5a0844161292,10,10,10,LongMessageChain
Adlik,040d49ac83b3af9f29f5ce598effa77e498e77b1,3,3,3,LongMessageChain
Adlik,05165f902af3cb8121068032659223a4531a023f,10,10,10,LongMessageChain
Adlik,066bf2f49663c32f6a06553efe3f6f161d3abf94,3,3,3,LongMessageChain
Adlik,06b2e241145680dbeab74230006d7b4b5a21b6eb,12,12,12,LongMessageChain
Adlik,0743e6236f11b12e18f1b415ee4e35d41df884b7,10,10,10,LongMessageChain
Adlik,08bdc6ae4dc29930c67e359ed42d7dd8fbccf5f3,12,12,12,LongMessageChain
Adlik,093da91307489ee3587377cb4787f921833be172,3,3,3,LongMessageChain
Adlik,09519e080a876793bf3f04de1077ffd56c0638ad,10,10,10,LongMessageChain
Adlik,09c6f826c0cd39d9f4daa890133ebc80cb8afff8,12,12,12,LongMessageChain
Adlik,09fe905778820bf1523ed49b8b4b4b6729f7ed95,10,10,10,LongMessageChain
Adlik,0b1885fe5c895cd659187300c8094754cddc4bfa,12,12,12,LongMessageChain
Adlik,0ba6924307074b1cbbeee650ad49cfd3427599ee,12,12,12,LongMessageChain
Adlik,0d16c3a65002234ddf77881fc992203e722c9ce4,3,3,3,LongMessageChain
Adlik,0d44e12066e98dfa1c05a99dfb26cfb08ccc6bca,3,3,3,LongMessageChain
Adlik,0ddeb361a3b5c6e0f97e60f2f39ee64c9d1664fd,3,3,3,LongMessageChain
Adlik,0e7d0cc6de9d088b86de7bd761dabb572fbc10a4,3,3,3,LongMessageChain
Adlik,0f5ea70986a4f31639aace9e4b7daa563edba528,12,12,12,LongMessageChain
Adlik,11512470e9f3a3f293d86e84ffaddbfa91f8ecf2,10,10,10,LongMessageChain
Adlik,122ce59d90b1d2aeff5f52d4ef52fe7981a74204,3,3,3,LongMessageChain
Adlik,12821f92c54b5fcea532be41edb13d80ad27519b,10,10,10,LongMessageChain
Adlik,1328b3f74f3d604834bc98b7cd984ddd40a36e84,10,10,10,LongMessageChain
Adlik,132aa7803744b9e625247988b88baad9ff32ad1b,12,12,12,LongMessageChain
Adlik,1398faaa9fcb601d592e4a6ac35556687a4900bb,10,10,10,LongMessageChain
Adlik,13e7bb81e4729564dc8dc234c203b245d53ab520,3,3,3,LongMessageChain
Adlik,147b4271c9898d02d167841040245c3377c8994b,3,3,3,LongMessageChain
Adlik,14eec2e8c490e6d48c2e005e3b5f2bc8fd41ac83,12,12,12,LongMessageChain
Adlik,1547dc867b769f1595b4b2151fc6021faa29a3b7,10,10,10,LongMessageChain
Adlik,155ea70cd2e5990fe4d8836729ae2f37d935d9ba,3,3,3,LongMessageChain
Adlik,15957cf8858cfcd6eaad2fc10e4cccc7bca47f20,3,3,3,LongMessageChain
Adlik,18971d973bc7de53b2a7df95c6497bde9c112b55,10,10,10,LongMessageChain
Adlik,18b2e45e687c5ecee7049057d1fde438940e27b6,10,10,10,LongMessageChain
Adlik,18cade116865ec4715a0d7da51a3e3eb0849ccef,10,10,10,LongMessageChain
Adlik,1985b44236a5edaaf255a1ac308c624be9aafed7,3,3,3,LongMessageChain
Adlik,19f7b14c0de719acd9e47f99a290f5422f173aa7,10,10,10,LongMessageChain
Adlik,1a63bb563274077783be2ce18d04d14d988db2de,3,3,3,LongMessageChain
Adlik,1b04fe200c7cf01138b04ee536d92524e9f63738,10,10,10,LongMessageChain
Adlik,1d289eabce1777b4a4107166d5df3a3714ba2099,10,10,10,LongMessageChain
Adlik,1def72b3be039b8b308c6b35d46682c640374c23,10,10,10,LongMessageChain
Adlik,1e1f474974afb510a4e79d9e16690154b2929e5a,10,10,10,LongMessageChain
Adlik,1e269d7c7819b47a58b862ed8c1f8c30a029d578,10,10,10,LongMessageChain
Adlik,1e34a0ce2a8e18443e1d21e77bf6fcabf687690f,3,3,3,LongMessageChain
Adlik,201f6e76f318acc6e82967e9689029c5f59b5930,3,3,3,LongMessageChain
Adlik,20df38517a86e0fe588fb0f28f633233c37b89a0,3,3,3,LongMessageChain
Adlik,21727be61bce7e11f791bfe0cc056b2b780d7f65,12,12,12,LongMessageChain
Adlik,217cc8c1e980a80592676ebd887ef29f49128901,12,12,12,LongMessageChain
Adlik,218eb4d07b78bcc54e6859b48dcfb2d57e1955b9,10,10,10,LongMessageChain
Adlik,21c174c20ebcb66ee02d64ce3a616e22a09c7222,3,3,3,LongMessageChain
Adlik,21f0b39fc0df7f13d8701cb3c665b2e88cfe35b7,12,12,12,LongMessageChain
Adlik,22f02feb08a9e8c710662d2e776a5587aa763024,3,3,3,LongMessageChain
Adlik,233b47033f325b67fbce33378ba45e0811b20ce5,3,3,3,LongMessageChain
Adlik,2469ccadb6c06b66f5f866bca08a2ceab245f4ff,10,10,10,LongMessageChain
Adlik,24ff21c5a2ea8bec04c621f0a15fd11a8fce4ddd,10,10,10,LongMessageChain
Adlik,2576b5e966e34601f2e14daafeafe7602dfcb82a,3,3,3,LongMessageChain
Adlik,264ec8f36beeeda325a67bc286908635af0a63cd,10,10,10,LongMessageChain
Adlik,271f36b230a3a01b2cdfca5c5713bd83ddb9ea6c,10,10,10,LongMessageChain
Adlik,27294f0b2247c09ced2d3269d2626ad58fa35ddd,12,12,12,LongMessageChain
Adlik,2795adc2a9a90bb8c17bd0dd0598561f2ab50273,10,10,10,LongMessageChain
Adlik,27f64b5e7e55df99557c4c94d4b376256f2fa260,3,3,3,LongMessageChain
Adlik,282d25d897f1f037e7d48d0ce8447c321505b8eb,12,12,12,LongMessageChain
Adlik,29c20801ba160923018045ed6da18d1a4fc79cee,10,10,10,LongMessageChain
Adlik,2a1424bdc3712e835a6808718dd870ee290a00d7,12,12,12,LongMessageChain
Adlik,2a56b6157cd6304fabadd6d3b4fe9eaeb7311917,10,10,10,LongMessageChain
Adlik,2ab8adcd632149756d10c802f4c49e0e19325a0d,10,10,10,LongMessageChain
Adlik,2af581fb4d4733855ee7acce79d5973dbc0cd97e,3,3,3,LongMessageChain
Adlik,2afd77756bfd4560689272508118bd08ec88827f,10,10,10,LongMessageChain
Adlik,2c39677aa8aed65a9572a8a9bce05e92931a4fff,12,12,12,LongMessageChain
Adlik,2d733635938474dc3bdc845105e0d5f67a8b6147,12,12,12,LongMessageChain
Adlik,2d88eb341a1f7e3990ca0485b690a19af7033940,3,3,3,LongMessageChain
Adlik,2dfa989e236cdc5c40f6fd2ffac82b7a7015f2a0,3,3,3,LongMessageChain
Adlik,302a71e4564d5133491e754604a902f56d7f9723,3,3,3,LongMessageChain
Adlik,33d94d77c048909c1593f10f292cb4838e4d9ebe,10,10,10,LongMessageChain
Adlik,3423ba4a6e65d3727151285e7e943db96b737cea,10,10,10,LongMessageChain
Adlik,34360300cf6a122eccda031d2d42b8c9657ad01c,10,10,10,LongMessageChain
Adlik,34e190e0e6d294d81dd718a84cbdf90005685288,3,3,3,LongMessageChain
Adlik,34e436aa61100ee3898db51db224433e8c4db3c1,12,12,12,LongMessageChain
Adlik,34f02c460dea7866b303a31433454dd3f37888a6,10,10,10,LongMessageChain
Adlik,350b70795fbf09d7a61b1822d14f0f1af659578a,3,3,3,LongMessageChain
Adlik,353e217845ec187de827c41870986882c71464e5,10,10,10,LongMessageChain
Adlik,35fd7141b64224301048e4657442a505979ae00d,12,12,12,LongMessageChain
Adlik,37dc22a4346c4e9c312b23ecd3b98cc16d9365b0,3,3,3,LongMessageChain
Adlik,37ded93a8afdd8cb96e8018f06a22cdb28ffceef,3,3,3,LongMessageChain
Adlik,381d07f75b7376fecf8d2dcb73332d7352119832,12,12,12,LongMessageChain
Adlik,384a32c077d72ce1fb1768f4451ad817f466c22f,12,12,12,LongMessageChain
Adlik,3859b18764227637ff0ad67a6c579076180acead,12,12,12,LongMessageChain
Adlik,38bcd8d8e1a31d0957903dfe42403a795714abf5,10,10,10,LongMessageChain
Adlik,38f245c06efd01e8fd9f24943a3ca674ba1c8cd3,12,12,12,LongMessageChain
Adlik,3971f5921d575006450639f4aac3b81cd1243554,12,12,12,LongMessageChain
Adlik,3a175b5b13dbfc93ec6ef48bc60fad1dc6aa94ed,12,12,12,LongMessageChain
Adlik,3c72a75ab4d74a40e157fc64071b083d85367012,10,10,10,LongMessageChain
Adlik,3c8c29ba80fe2dfc480cea7eb42b73cccbbf6709,12,12,12,LongMessageChain
Adlik,3dc2c233b1646e6571980b7fbfd9e4d91c877bc8,12,12,12,LongMessageChain
Adlik,3f0986a5155a01afedd7a23d5c6b58c49edaf648,10,10,10,LongMessageChain
Adlik,410478d609643256fd4ac10cb39e0e13f284c227,10,10,10,LongMessageChain
Adlik,416330713a18e40785d3c3075fe10c4515387d35,3,3,3,LongMessageChain
Adlik,42139d0f64eb3e6122d22534a0e2a355632e90d2,12,12,12,LongMessageChain
Adlik,426ee9ace8865ce4cabe0d6dc419c6cae5d08d9d,12,12,12,LongMessageChain
Adlik,42e1ee54177392e479d835bed8fe673bd9980101,3,3,3,LongMessageChain
Adlik,435eddd5a70d835f5f920135993400965db18c09,12,12,12,LongMessageChain
Adlik,43fdaf7d27aaabcb68cfc68c7245141823bbed09,3,3,3,LongMessageChain
Adlik,44d1383cfdc92c191bbe6fb51c3fc5349d21a25c,3,3,3,LongMessageChain
Adlik,45cd527ae6245b402d11b96cd2de0d6ce3f6c29f,10,10,10,LongMessageChain
Adlik,46100708eb11598975ada1d16f3fea8b3ba0d990,3,3,3,LongMessageChain
Adlik,469bf49e2d0c43b536ab4512e8e588c1fe051268,3,3,3,LongMessageChain
Adlik,47bbce773f157852222fc12d34f98e1f49ba949a,10,10,10,LongMessageChain
Adlik,48d10e399717eac5154b7e412c0b0cbc3c723c03,12,12,12,LongMessageChain
Adlik,4976ef3940f963bb9a09653967f942991ceb82ae,12,12,12,LongMessageChain
Adlik,49c33751b807e2d87b1a894a6a41145891c7ab44,3,3,3,LongMessageChain
Adlik,49edcaf851c0221271ae9a5543a789f835fa4cd3,3,3,3,LongMessageChain
Adlik,4ab2a469b980ff8e08c7cbe0deb92791820d9c4d,10,10,10,LongMessageChain
Adlik,4adcc6db13e68cbde6119100ddcc14b29406119a,10,10,10,LongMessageChain
Adlik,4b41085395778247f592c3db0dfca787ef777780,10,10,10,LongMessageChain
Adlik,4baf38dd6bb01ec739af7886790a72ca4e9d3667,10,10,10,LongMessageChain
Adlik,4c09eafd3b267fedd70952fc3f5c8f1e977f7b10,3,3,3,LongMessageChain
Adlik,4c42d4f3ed56d7af95b8c315ba15af2009f70373,3,3,3,LongMessageChain
Adlik,4d185fb039dd85387aea5aac2eba4930db8d949f,12,12,12,LongMessageChain
Adlik,4d5dab1f1a6215652e9c16abb99ac99a3926052a,3,3,3,LongMessageChain
Adlik,4e6b9d704e6b80c7b26d86bd88c869fda28b7601,12,12,12,LongMessageChain
Adlik,4e71d0d58eebbab4eb4c7cca798d1f79323fb14d,10,10,10,LongMessageChain
Adlik,50cad3dd1909287310e1a03928a7c3991f6c289c,3,3,3,LongMessageChain
Adlik,50f732f974ac58189bae301eb110f5fe84cb0496,10,10,10,LongMessageChain
Adlik,517a4a499d1e8fe1545b57ae093a2f79ac0f6bdb,10,10,10,LongMessageChain
Adlik,51e8c798720d1b9139fc9660a4fa40aa644ac451,3,3,3,LongMessageChain
Adlik,522169a6df2896a3ccf018f74cf7e4655dbbd22f,3,3,3,LongMessageChain
Adlik,549536a65f60f6b5d432df3bb525f7ef59596eeb,12,12,12,LongMessageChain
Adlik,54b64b5c7ae54ac239c0c351d0f97c7f20d984f5,3,3,3,LongMessageChain
Adlik,5583439ce63d371b14e86f3203eb685d873ea484,10,10,10,LongMessageChain
Adlik,55b3868be2b8cb07d5e8b8c700ce641e45db2158,10,10,10,LongMessageChain
Adlik,55c077e670d24e8257074d4efaa38e241d923b78,10,10,10,LongMessageChain
Adlik,55cd85e035b06273b9b42c90e7472e0dc78ad020,10,10,10,LongMessageChain
Adlik,565c0b074ae8afb7e72a4df76a48cd023c3d01b6,10,10,10,LongMessageChain
Adlik,56bebd3f47a81449576dca835c64a90013997d1e,10,10,10,LongMessageChain
Adlik,56c232249816598fd9208b6aaa08feeda31964a0,10,10,10,LongMessageChain
Adlik,57cef18c58830dfaebc899e8e2cb2bb284711b58,12,12,12,LongMessageChain
Adlik,58c4f0be8516518734a3620cebcb566df8a0fec4,10,10,10,LongMessageChain
Adlik,59f2869c89aaf9041be556cacf6c1c03811f99fd,10,10,10,LongMessageChain
Adlik,5b1b5f60d1847bce625be5786e1340de53b41387,3,3,3,LongMessageChain
Adlik,5bbb444f097b03be9c925a795f671847f7a14dbe,3,3,3,LongMessageChain
Adlik,5c167f6189e9356eb9b1f1c72212c25adace24ae,3,3,3,LongMessageChain
Adlik,5d6afd3112c6541cf71d74cd2926f7022ca8311e,10,10,10,LongMessageChain
Adlik,5da3b926f6758b406a3a0dd13f1414867373b369,10,10,10,LongMessageChain
Adlik,5dc2237da1364997446fa3f56fabe2903a6d8ea5,12,12,12,LongMessageChain
Adlik,5dfee9518eded9acc178758e609a8c6a6ecffc9f,12,12,12,LongMessageChain
Adlik,5f7f33f8bfcc9cf812ed7a7730de91840c8d4810,10,10,10,LongMessageChain
Adlik,62b25bdcd71aa47529c4d62830fff5c6d320d2ca,3,3,3,LongMessageChain
Adlik,62c250c34cdb37109ac24ad80c177cd198ff75f3,12,12,12,LongMessageChain
Adlik,63c7e7da32ffb7820632f1e4b8af3ccd48060b99,3,3,3,LongMessageChain
Adlik,648501e69b062bb55c87cc4b62860b0797f2b2dc,3,3,3,LongMessageChain
Adlik,651f004e78f0ab74c6ded26c0aa01b23cdee5446,10,10,10,LongMessageChain
Adlik,653c37e676e5537197f8a1a5b12d741de0989c0d,3,3,3,LongMessageChain
Adlik,665f55f3d281e2fc0ef1d06da319d5e5ddff4069,10,10,10,LongMessageChain
Adlik,66a39ebf7a7e4db31582107c66600ff837a6c912,12,12,12,LongMessageChain
Adlik,66db01acab95dd3642d90f746ea386bd56f04e61,10,10,10,LongMessageChain
Adlik,68a1b039d6a2eb0530954bff450e60a4598db6e9,10,10,10,LongMessageChain
Adlik,6919547f5e8c046617b5abbf3a812a0efa46359e,10,10,10,LongMessageChain
Adlik,69320864ec58ec09a10b62e0594ffe631f3e7335,10,10,10,LongMessageChain
Adlik,69e77c5035f6e40aced0030c9347c2eb517a8b06,10,10,10,LongMessageChain
Adlik,6a3676d9b3a75f1574d0a7e50adb9a598575d8ee,3,3,3,LongMessageChain
Adlik,6a6da841ede96f1b7f77b99b8fb61e5a0b637c32,10,10,10,LongMessageChain
Adlik,6b8bf7b258c17483395a5605152cb5043ae53c3e,12,12,12,LongMessageChain
Adlik,6c40a99f517fe199d40021d3c119502702b6accc,12,12,12,LongMessageChain
Adlik,6ce00c6171b9a8a54c45c3d4e8d3404f8efb2462,10,10,10,LongMessageChain
Adlik,6ce388f2dba891372c36cfce664ec210dbd6a215,12,12,12,LongMessageChain
Adlik,6dff1670f262d415cd502ddac018608141c24379,10,10,10,LongMessageChain
Adlik,6e1d94a3b50f531f0b41d1d3c994121796b32437,10,10,10,LongMessageChain
Adlik,6e6af33962fc8687deaaca29530aeb38db1c657f,3,3,3,LongMessageChain
Adlik,703d6f07e093497dcdef50ffba47c9b4475a65e1,10,10,10,LongMessageChain
Adlik,70ed4c905a6da66e1e361d00e9c6e9afd171d6ce,10,10,10,LongMessageChain
Adlik,7204c417700ccdfcc77dd9eaa12e0fa237d51248,10,10,10,LongMessageChain
Adlik,72eb114c3588067ac7e2a25036bc74a4b01d1abf,10,10,10,LongMessageChain
Adlik,732fc63ebff9e8a347450be332957ba75a559fc3,10,10,10,LongMessageChain
Adlik,7367f24e813ec3c627fb1f1937ae2047668659f3,3,3,3,LongMessageChain
Adlik,73a8ccd8f4d50af4cd8a3dbf84e9ee0309149b98,10,10,10,LongMessageChain
Adlik,74c6c821bccf562df6c0913003d5734307851971,3,3,3,LongMessageChain
Adlik,768af17f9619c07d76dfdb8aecc1419329ee44c2,12,12,12,LongMessageChain
Adlik,776a34e8384ead231d6abf533bdd7219d887a269,3,3,3,LongMessageChain
Adlik,791bdaf4b24006b4a6891fe2534db03c59183b4f,12,12,12,LongMessageChain
Adlik,7a4535b7bb05aa4bc9aa5c8c6bde76ccd416ab08,10,10,10,LongMessageChain
Adlik,7add57d7da3b53d24b5a1b8ee88a8affe6dd1875,10,10,10,LongMessageChain
Adlik,7ae8b6c461275580f338fb97222866bb7a8fa510,12,12,12,LongMessageChain
Adlik,7b76db466f7ff91e2266409ecbbec7bb0d01b302,10,10,10,LongMessageChain
Adlik,7ba76f0d86a7b5af094844bebaed516e8f301675,10,10,10,LongMessageChain
Adlik,7c44951b1d2960170d44e9cb1d6947cf06ab9d76,3,3,3,LongMessageChain
Adlik,7c58defd8e25756583e698ef5e30cd83cc8f0110,10,10,10,LongMessageChain
Adlik,7d4182c4930ffa82f41a4c7df7751b355682d806,12,12,12,LongMessageChain
Adlik,7e10a94308235fa7fe7d8ff597aab9900054fdb5,10,10,10,LongMessageChain
Adlik,7ea1929470194ef247143d13684cb3427af16f95,12,12,12,LongMessageChain
Adlik,7fb698fcc2ea71e0c5dce1d4a8bb6aea6a359bf9,3,3,3,LongMessageChain
Adlik,7fe68ab4730471763a13d153620a49e3561216ac,12,12,12,LongMessageChain
Adlik,800d9ae7c1f54bf978b22448abfe5bf91f3b9662,3,3,3,LongMessageChain
Adlik,80a0e9aaba8aa62e273e852fa5f4c6668e0a3cec,3,3,3,LongMessageChain
Adlik,8175a9540edf951e02071adce1e00d61253ff9b9,3,3,3,LongMessageChain
Adlik,82d8fbcdd876f471a6ab4b84a86e38fccff5765d,3,3,3,LongMessageChain
Adlik,83119bfaf1cf643910b988ef7e049344e7ac58b8,10,10,10,LongMessageChain
Adlik,83478a2a00b8b96217c145aa46de43a544f6ce68,10,10,10,LongMessageChain
Adlik,842ce1ca698744550f3e6dda9270b447e73e1400,10,10,10,LongMessageChain
Adlik,846044fa52f6ef0dbf815f3e66bd79bf19305fd9,12,12,12,LongMessageChain
Adlik,84b5fcdecf1c777396bf875b155e7a983c115455,12,12,12,LongMessageChain
Adlik,8553c0bd6819173062e407efeafd9afc17263131,3,3,3,LongMessageChain
Adlik,85a7da0ac8a6526e109a7b8f4cc7994ac98e50f5,12,12,12,LongMessageChain
Adlik,85df7b6f0df60070f24490aedfbe3902baa50f7c,10,10,10,LongMessageChain
Adlik,8623d0d82911c6c2f1999fdb356bd7d8c221a947,12,12,12,LongMessageChain
Adlik,8784db390f948ba122e4e985cab113050e05431c,3,3,3,LongMessageChain
Adlik,8894eba89473858d0d38d24c00d0d589d7c020bb,3,3,3,LongMessageChain
Adlik,88cce58e6e39f99ffdd097d8ad2e9c290c650c5a,10,10,10,LongMessageChain
Adlik,88fb5f0da28a5894731ea48ddaee319bab2a57cb,12,12,12,LongMessageChain
Adlik,89a2cb46d6879d78de4e1bfa31efab10533399f2,12,12,12,LongMessageChain
Adlik,89a85b14805d0b6f7f3cd6ba0c885749f615a271,12,12,12,LongMessageChain
Adlik,89c31f875d0644aed3196ec0c023c0ebfeb37a9b,10,10,10,LongMessageChain
Adlik,89d17d9cda1332d6c3dd58e4de165272533709df,10,10,10,LongMessageChain
Adlik,89d43f1b2874ebb7321667b76a9fb79ca770ab32,12,12,12,LongMessageChain
Adlik,8a1493a139cda9fcbf8dc4d1980c3e045517260b,3,3,3,LongMessageChain
Adlik,8a1b3d304b7b7eed79e922a1665119f5a3572282,12,12,12,LongMessageChain
Adlik,8adc1f64990acf323d6b01d11633d93dceec3fd7,12,12,12,LongMessageChain
Adlik,8bbae3623e622af9aa39804d53ba0a6797a23542,10,10,10,LongMessageChain
Adlik,8d7e925e2e26dd07710b99abcab33462c264f20d,12,12,12,LongMessageChain
Adlik,9033ba7165d45b576492900822e67853958cf8f3,12,12,12,LongMessageChain
Adlik,919be5d37f4b462c84723a50e5d417181dab7ca5,10,10,10,LongMessageChain
Adlik,91ab344fd5e5e899b77b94956d2793d9f49668fc,3,3,3,LongMessageChain
Adlik,91caca7a931340ea9a3f2a251f2fbc2cb5855c39,3,3,3,LongMessageChain
Adlik,922745174392b0a70b7ddc9e91fdd22325a1006b,12,12,12,LongMessageChain
Adlik,9296b9369ccb29239e4e9baaaa72606f68dbf470,12,12,12,LongMessageChain
Adlik,92b5f7364aa9901fdee723be3325d290de924634,10,10,10,LongMessageChain
Adlik,9346ba2bfb509deee9ccd71ebac2dba82c2d9ba6,12,12,12,LongMessageChain
Adlik,9380b737e776f758ba18d788a47e2da4f3f93f58,10,10,10,LongMessageChain
Adlik,9439b765cd677aebbf8644d9faf15678e10608d4,12,12,12,LongMessageChain
Adlik,94c98608f275128970408681c72651f50a5e64b2,3,3,3,LongMessageChain
Adlik,94ff1e2d4c5fd2029ec1d5b365ab5cf6be1aae4d,12,12,12,LongMessageChain
Adlik,95a0697c4693a98d1dca3179541e6a0c57b57ba8,12,12,12,LongMessageChain
Adlik,9684a31568ffc2c648cece712b40fdd4e742d1aa,12,12,12,LongMessageChain
Adlik,9797ea27a0cca89ab20815e7087da261c19acafd,12,12,12,LongMessageChain
Adlik,980787d2c32812982dab643dd183ca49e5eaa288,3,3,3,LongMessageChain
Adlik,9a133a3dc5d3786871e95cc765d738f3a8f829a0,3,3,3,LongMessageChain
Adlik,9a4378cffcd4b8073fd8fbcd062786228fb13c34,10,10,10,LongMessageChain
Adlik,9a9445e6eab76b4c7df5907d16f4492764f0e3d7,10,10,10,LongMessageChain
Adlik,9aaa1406605892b1ac5c1442c09f5fca69a342af,10,10,10,LongMessageChain
Adlik,9ad982e7f0282cd19027858f80f458b71f168b05,10,10,10,LongMessageChain
Adlik,9b1cde334055bcae532303c735a66e15f6aad3b3,3,3,3,LongMessageChain
Adlik,9b8e21dcb205130fdc5b5edb42b344593bc3b157,12,12,12,LongMessageChain
Adlik,9ba353a46710a8a0cad0f9f829f7db5910af75a9,10,10,10,LongMessageChain
Adlik,9bd86afe5b090718e3efe4a598dfacd8f0493d53,10,10,10,LongMessageChain
Adlik,9bdd7c6bf5ca4392939dc0c71ac1ea6a0838d1a7,10,10,10,LongMessageChain
Adlik,9c357c8c55c40d72cf21c859e193999ee81889a0,12,12,12,LongMessageChain
Adlik,9cfcb893cb59fd0c864d16cc783b0bbe16d4a048,3,3,3,LongMessageChain
Adlik,9deb11112b98194ab7718f55d8c43755f6431f81,10,10,10,LongMessageChain
Adlik,9e61295845447d4452cf9589127d36be44443770,15,15,15,LongMessageChain
Adlik,9e83aa3b661025361f5ad9316a3f5b999598cb54,10,10,10,LongMessageChain
Adlik,9ec1d3a96d6ff69a7bd85c946b41ec3a85779e0e,12,12,12,LongMessageChain
Adlik,9f3758406f46c056a6041fa2eb593c495af9117a,12,12,12,LongMessageChain
Adlik,9fa8032b208b7c1a19be39511f840cb7ccbe96df,3,3,3,LongMessageChain
Adlik,9fcdbf36c42b48b08c7a2143fe5695fc90be9515,12,12,12,LongMessageChain
Adlik,a0ce8e218f6fcd18c18169c99571e775954f8f65,3,3,3,LongMessageChain
Adlik,a179412185dc988c70370a0525e85a7266f39d9a,10,10,10,LongMessageChain
Adlik,a1d5e8767b1b616243d4c068fef17189e46aca99,3,3,3,LongMessageChain
Adlik,a25a790130b703950afd52c16c3af5f9ee451dc8,12,12,12,LongMessageChain
Adlik,a26c8b31becb3164f9bdd6164219ac4b7ad12d77,12,12,12,LongMessageChain
Adlik,a2c46524e8c864319378f48a62389115df78c94a,10,10,10,LongMessageChain
Adlik,a3b8eb3f2b99f682959f562121baa478da6188ae,10,10,10,LongMessageChain
Adlik,a3f68b2cd35853c48e009260ebc46ad67a195677,3,3,3,LongMessageChain
Adlik,a3f941069f406b3b7f7be0b3f2e1b5f44dbf9404,10,10,10,LongMessageChain
Adlik,a4c955a32369bda691b1502c58ed5c929dabd75e,12,12,12,LongMessageChain
Adlik,a94ba49fca1fdf0c949dfd9059f135c5ac1a6a1a,10,10,10,LongMessageChain
Adlik,aae2706520571c97c11081b7f9d04f59773915b9,3,3,3,LongMessageChain
Adlik,acadf8f6b37704f25ebbfbb7f02d3ab3f28aa554,10,10,10,LongMessageChain
Adlik,ada03804b474983be57f027095c1e844093a2f00,12,12,12,LongMessageChain
Adlik,adf46b01ff6798a134b3a62256463106d1d2df2a,10,10,10,LongMessageChain
Adlik,ae0f4d9bbfb36519118da02c0de186835dd3650d,3,3,3,LongMessageChain
Adlik,ae280440697bd1090afee12ffe1250541a101d4f,3,3,3,LongMessageChain
Adlik,ae5aa20fcfd417839a43f53d51617e387a0eae42,12,12,12,LongMessageChain
Adlik,afbbc3526f775e7500a90c2303141748441e732e,10,10,10,LongMessageChain
Adlik,b07540e4cad83e9f7a7c6d1f1683016830b8d39f,12,12,12,LongMessageChain
Adlik,b600bd1ea2f270e800cb9b7e42d6d0dbc358d9b7,3,3,3,LongMessageChain
Adlik,b79c62d9814e9e08d9624cbd7aecfbd73791fa4f,3,3,3,LongMessageChain
Adlik,b857395d56f3a7c894da6a120628bed4de479cd6,10,10,10,LongMessageChain
Adlik,b884ffbda68b16f050fb02f7158e6106366f244e,12,12,12,LongMessageChain
Adlik,b890fe4d04a62b9316155308d81530d05fcf38d1,3,3,3,LongMessageChain
Adlik,b8c2f030b5c85ea3695c4c2336018fe18e4eb2da,10,10,10,LongMessageChain
Adlik,bb0203a851e8afb0933abc31837b3a9f7dff179c,3,3,3,LongMessageChain
Adlik,bbf77f5f2a5deab3be107b65c13059b70587e6cb,10,10,10,LongMessageChain
Adlik,bc43ce77365d5e0725a4dc82a814d013026e27f0,12,12,12,LongMessageChain
Adlik,be3d9ef6ee586e34839b1b75d32da48cf24d3ce4,3,3,3,LongMessageChain
Adlik,be9a2214c0fe34fef054bfe833ae171817bc340c,10,10,10,LongMessageChain
Adlik,bea614038f85ab1040763367ecd70fab02f94b8b,12,12,12,LongMessageChain
Adlik,c0090a60c0a30dba9838ab580e394e91db98dce7,3,3,3,LongMessageChain
Adlik,c0c68001c02228d88cd8e2535bba15f08fc280cd,10,10,10,LongMessageChain
Adlik,c1cfc514139b84b85f879ca22478bcd89334fb2d,10,10,10,LongMessageChain
Adlik,c2a1a26e6385e150014b6bb0d6c242982fc6bcc6,3,3,3,LongMessageChain
Adlik,c3484aba5862272c17f859f4e3b83ffe1e7e53ee,3,3,3,LongMessageChain
Adlik,c37634ae1d0ea13a82555620df43aa9444fb855b,10,10,10,LongMessageChain
Adlik,c6863ac878d3961efaa4f4dd2d8cbc7ec7e84f6f,3,3,3,LongMessageChain
Adlik,c759b477fde72f7419030900f17a8104f4f76802,10,10,10,LongMessageChain
Adlik,c86978b064f125781a00632f619c3f92bac240b7,10,10,10,LongMessageChain
Adlik,c890eea7b9d0983905dd38c380839bda1a2d8237,3,3,3,LongMessageChain
Adlik,c99f998d8175e9a0cca1fa1a9eaf24995fb423f4,3,3,3,LongMessageChain
Adlik,ca788f846ce7fd991bf2b400026e94b81d18aa24,3,3,3,LongMessageChain
Adlik,ca997097add017632e20ea8d3cf91f0d00c01845,10,10,10,LongMessageChain
Adlik,cac4b601ec8b06a3e382b19b3fed7f28ef0a80d9,10,10,10,LongMessageChain
Adlik,cc697f3df606f2353917d021824fc195035209e1,12,12,12,LongMessageChain
Adlik,cc842e76502b1db3c729e3dd03ba09f669efbfe8,3,3,3,LongMessageChain
Adlik,cca4829b13115244ca71e6c32d0b9a148d3ab57b,10,10,10,LongMessageChain
Adlik,cd49ad8fb550c24afa18a1f75230468c8103c37c,3,3,3,LongMessageChain
Adlik,cdacfe32a38742ef3159b56e3ac9146ee010d3e3,10,10,10,LongMessageChain
Adlik,ce1497107802982830fcd1cbc390b2b8879b4608,12,12,12,LongMessageChain
Adlik,ce1aa9658c6b056267d748ed1bc164b67a307f22,3,3,3,LongMessageChain
Adlik,cef7532ee78b04563dc2b99e2e634ba9911420a1,3,3,3,LongMessageChain
Adlik,cefac3ed21b8a4b662d3dea391ff0576313ca8e9,12,12,12,LongMessageChain
Adlik,cf8b0d28bc111a8b402b63e04b4e1dadc35b9f6c,3,3,3,LongMessageChain
Adlik,cf9a8bba0b0d76ef7d4df216c7cdcb92b759c6f2,10,10,10,LongMessageChain
Adlik,d04395aa6d231da9f5ea522ec6ffd6a8b505a668,10,10,10,LongMessageChain
Adlik,d1f49caef0b389323bedbc27536452fd5501d50a,3,3,3,LongMessageChain
Adlik,d2ef7d8239bfffddca3de691c4cb253fb2afb367,10,10,10,LongMessageChain
Adlik,d3b837fdf6700ea2a63a223c4d0943464ba71186,3,3,3,LongMessageChain
Adlik,d602679c1a5742a2ede03999a7fc6182fe3ccb0f,12,12,12,LongMessageChain
Adlik,d63ceaae1b7253e19cbab486fbcef6c61e442129,3,3,3,LongMessageChain
Adlik,d746183959664a2050614d3a59cf7a786d65530e,10,10,10,LongMessageChain
Adlik,d7d422146f2e803f8b4e896b5a7fbf28c01e26f7,12,12,12,LongMessageChain
Adlik,d8579db5a40f84c507f23dc788caae7916d66d02,3,3,3,LongMessageChain
Adlik,d85cfacd6599eb59641e4f9095acebd93d517933,12,12,12,LongMessageChain
Adlik,d935296a7707a58d077f2892a37f5e2eb4a2d0b9,10,10,10,LongMessageChain
Adlik,da1732ffdb9c7815df83f74aa343226173a547c5,12,12,12,LongMessageChain
Adlik,dac19ca1befa018ee9a481b0602a93251ee0fae2,10,10,10,LongMessageChain
Adlik,dba058c23ce76ff893d6c485e4ce7f097defaae3,10,10,10,LongMessageChain
Adlik,dc80fe1cbde3b7015ffed8665d5e52b004abf2ff,12,12,12,LongMessageChain
Adlik,de18b26b0652a8215eaf025d1b9b5d0c0f7006fc,10,10,10,LongMessageChain
Adlik,df9745d28271bf175098bc17b23a11d95a709668,10,10,10,LongMessageChain
Adlik,dfe0a69f7b34814d400f1fc094308cd0f59d486a,10,10,10,LongMessageChain
Adlik,e079dfc187022d4e5b68c6fd6bedab5593bf22ba,3,3,3,LongMessageChain
Adlik,e07b83c0486df8b6775bd9bff44e18cb8acd64e2,10,10,10,LongMessageChain
Adlik,e0b028e629fa7a1852dec957cdcc019192e414be,12,12,12,LongMessageChain
Adlik,e0de330cdf6e17741464a3f26cb22a522e25c45a,10,10,10,LongMessageChain
Adlik,e19f38166d14117b1ed55524f51c4b0c7da4e5a6,10,10,10,LongMessageChain
Adlik,e22494cc77eb7e01fac4830fe6897e967f1e40a7,12,12,12,LongMessageChain
Adlik,e3c1a746df3a000f984038bc79b925d6811128c4,10,10,10,LongMessageChain
Adlik,e3eff1383d65002479a64b4a151c001235e30a5d,12,12,12,LongMessageChain
Adlik,e5c2fbcead569e94d5df437a39eaa6074a72a09a,12,12,12,LongMessageChain
Adlik,e79c81f269f8d6e07df8b95ca6124fa4c6782e23,12,12,12,LongMessageChain
Adlik,e7bf465988682b91c8ed719f512bf3891669ea93,10,10,10,LongMessageChain
Adlik,e8cd044c48bee405914d9c9dae42528775eb632e,12,12,12,LongMessageChain
Adlik,ead29643f9e76f671fc00eb4c24a66f02bce0d93,3,3,3,LongMessageChain
Adlik,ec89dd007084a36431a2659efc0e54aac56f60c3,10,10,10,LongMessageChain
Adlik,ec8b72f6d1e083abd7bfe1c470589508e43c54d8,12,12,12,LongMessageChain
Adlik,eca36b23a7635cd25b22d5c49a40ef633b700c69,12,12,12,LongMessageChain
Adlik,ecfdef2f4f5fa4a1340f246d0b926513fc9e32d3,10,10,10,LongMessageChain
Adlik,ed17586c780234256f24c58f54acfbf4447222d4,3,3,3,LongMessageChain
Adlik,ee0bc8477d91e384db97c2e65c49eb5ee3b1cff4,3,3,3,LongMessageChain
Adlik,ee3255f8c30ef04e4596e6ef01f1b55711072b92,10,10,10,LongMessageChain
Adlik,eea1aa2baa4a616c53938f05cf50a46f7fec8f35,3,3,3,LongMessageChain
Adlik,efaedb7e9be2a17d627243f46c00e92f476bb58a,3,3,3,LongMessageChain
Adlik,f05b982bebdd1a55ac0fe6f5966685985b56258d,3,3,3,LongMessageChain
Adlik,f16b730b817c2df3f50df7de907e9b929d83cd29,3,3,3,LongMessageChain
Adlik,f1dc5c881ee273232734eda49d15735b195d6ce1,10,10,10,LongMessageChain
Adlik,f24cd42a6973dbfe0a5526dded65a1e7cbf87202,12,12,12,LongMessageChain
Adlik,f356dfdcef80335535d9c5bb066af767af015bfe,3,3,3,LongMessageChain
Adlik,f382cf73e5c903196198b461479dd15e817d2e2f,10,10,10,LongMessageChain
Adlik,f383c92a60f5210bbdbe3fbd39d7ce6922509ef0,3,3,3,LongMessageChain
Adlik,f3dbcd458c5e44decb179b8ad671cc7f2f1a9c99,12,12,12,LongMessageChain
Adlik,f57619a11471f236f5857212d0c406a835658d18,12,12,12,LongMessageChain
Adlik,f66748954f2cfffb33067850bf6ed9ea9f1ae5eb,10,10,10,LongMessageChain
Adlik,f67eba803b6856da7c387187b29a2ede47b4f0c2,10,10,10,LongMessageChain
Adlik,f68911f8989db1af597a068f55bccd9371b3a571,12,12,12,LongMessageChain
Adlik,f6baca391f152aa3e89096553a13dc9534f86aa5,12,12,12,LongMessageChain
Adlik,f70fe750f5cec9cf721f4d57413dc582c8960c97,10,10,10,LongMessageChain
Adlik,f7dd85ee251fd98e6a0f2f2dfeda415d9f18e4ed,12,12,12,LongMessageChain
Adlik,f7f9f5aae4b2957a02b5f913611ce7813681ed58,3,3,3,LongMessageChain
Adlik,f84669311c396c9748ff7f1835be2122373c17ab,10,10,10,LongMessageChain
Adlik,f9be5719dec8905ee39f971062966153fbdc99ed,10,10,10,LongMessageChain
Adlik,fa2cd4160115d69734350cc44926dc686d582f91,10,10,10,LongMessageChain
Adlik,fb31f6fb2150e551c582ce4279cf53f9e938a214,10,10,10,LongMessageChain
Adlik,fb3ef15e4b7679853534b9bdab0b1af58991a409,10,10,10,LongMessageChain
Adlik,fb930f32e54ddb2c86e087a3f33d12073feffc01,10,10,10,LongMessageChain
Adlik,fbf7d08f4e537b29c0410c7f872021eb2bf6f487,12,12,12,LongMessageChain
Adlik,fceeab8621dfd89dc7853041b5c3864da8b14062,3,3,3,LongMessageChain
Adlik,fcf542bad8bf7e1e2fb0fe5e292fbf1389450dc4,12,12,12,LongMessageChain
Adlik,fe2c3ae813d454a0c934ddc748a049bc88623d56,10,10,10,LongMessageChain
Adlik,fe80cd27c5bc71f9f1ba13785d823d83a83b6c44,3,3,3,LongMessageChain
Adlik,fe89f1e342314b4fd86c91e1ce639de537e27a94,12,12,12,LongMessageChain
Adlik,fed144827cae60a5186818629a60054761fee827,3,3,3,LongMessageChain
Adlik,fef4480ae0dc9f6a1c5b601cf6701489b7d24812,3,3,3,LongMessageChain
Adlik,ffbd006e78f71058b66174c334cfb4ecd46d977e,12,12,12,LongMessageChain
Adlik,ffe1848832ba11b20095f9202964b64e68279c57,3,3,3,LongMessageChain
Adlik,fffe89a1b533a8a548c7a41347e847ba06c600cd,10,10,10,LongMessageChain
covidify,00d004aed779079349b49203e0cae09b226772fc,21,21,21,LongMessageChain
covidify,015ac84588be32d0e6967ab7b942bf898a9fd85a,9,9,9,LongMessageChain
covidify,015cb5d63d48325d2b6d879582e98b548097bd6e,20,20,20,LongMessageChain
covidify,0258f2ab5763e28ec3fd8757e3ab515641ed798a,5,5,5,LongMessageChain
covidify,02da4aefc0066d37661a189d3e89510b58249797,3,3,3,LongMessageChain
covidify,030cfdec50e724abd00db79382e9c1ebfd7fa1eb,3,3,3,LongMessageChain
covidify,0830aac2cd6769d9a4f2ee003584582f365fa373,5,5,5,LongMessageChain
covidify,09384626e0bd8554ef2af859bac42ee6ab4bc237,10,10,10,LongMessageChain
covidify,0a6c5ec5ad09ff1de52faacf91ce871c7bbcb772,12,12,12,LongMessageChain
covidify,0a8db3ca97dd1277fc24f3970c51ffc37eda14ff,21,21,21,LongMessageChain
covidify,0b3a2c142e44c42935008518efa991caeed83f45,1,1,1,LongMessageChain
covidify,0b6605faddb73103f009a41108a3fea8c2dafef8,21,21,21,LongMessageChain
covidify,0f8b20b1f9760d1f5cbb75af8994ee5f1a0a1ad2,5,5,5,LongMessageChain
covidify,154f95586931f6951937e15fff5e781557f75a02,3,3,3,LongMessageChain
covidify,187218abd8c4fcf0ee00220768da0a434ac0cb86,9,9,9,LongMessageChain
covidify,18a329116db8150b50d946df7431989436931333,21,21,21,LongMessageChain
covidify,192a70126916bf9a3948b608cf860a9fba76a2cc,10,10,10,LongMessageChain
covidify,1c111622b7462eb10759c278977191f9963036b9,10,10,10,LongMessageChain
covidify,1cde998ebd0aae9305772317612038eb83f7abc1,21,21,21,LongMessageChain
covidify,1d28c5ccb0c0ecde366106847d68dbc255473f1b,3,3,3,LongMessageChain
covidify,1d2a5663e6ae9bc5e745b2a8edef1f5e6b00a64e,5,5,5,LongMessageChain
covidify,1e6b021b365655e1baa96b64b0c1bd5834fbed00,21,21,21,LongMessageChain
covidify,1e7b2db48dc13632659b7f0b21eb59595a336523,10,10,10,LongMessageChain
covidify,1fa8a231e7a86a1b04358bd71e1b7ea03185a404,21,21,21,LongMessageChain
covidify,202936bb6794aedeb50d3373b3d70534ce784c37,20,20,20,LongMessageChain
covidify,2436a86ac075146ce839bf3340ed5ba7f83eb162,10,10,10,LongMessageChain
covidify,24cca6f0e83fe9b7ae48c112ffe4ae586a3ad745,21,21,21,LongMessageChain
covidify,257f659fee96edecac23cd7cc5419803a00dde29,21,21,21,LongMessageChain
covidify,26c88ba8db9abec72dfc2b110d2dab1433b47c72,10,10,10,LongMessageChain
covidify,26e91cdd81d12cf245ec8d97b7900d2e68c180db,12,12,12,LongMessageChain
covidify,272ce6f4a092b09f0564b4870b0b72b0a7dd7fe4,5,5,5,LongMessageChain
covidify,28de76d658b4a6abd5d9fe23d7fe3e87347c7941,20,20,20,LongMessageChain
covidify,2a1c2c5c1c8b4c9c3d9cce1650d0f76db10571b2,12,12,12,LongMessageChain
covidify,2b01859292c22c2f24814e624a4f62a6a5737667,20,20,20,LongMessageChain
covidify,2ba2818635d412295639a63ba6cbcfe328fec2e2,12,12,12,LongMessageChain
covidify,2c7a0795848deca062e01091c7314ab50ea8bdf2,7,7,7,LongMessageChain
covidify,2cf46f3619f5b212d40c7b8c7478d04e14571c6e,10,10,10,LongMessageChain
covidify,2e5d05520227ba5af408e3c94416c715e86dee9d,10,10,10,LongMessageChain
covidify,30443770d3cc6ee8a8c8e06f55a924bb523bc3f7,12,12,12,LongMessageChain
covidify,320919a5758ad15d8ee8530f6275d5c336eb0e36,21,21,21,LongMessageChain
covidify,33e6a6f6800bebbea1a0e6ec23d20e47151ea7da,10,10,10,LongMessageChain
covidify,340345df78cc8f1883e03a71f13733091fb1f509,5,5,5,LongMessageChain
covidify,340472b2e66703e5c2e2fb2f9f4efdff079cfd5d,10,10,10,LongMessageChain
covidify,34b5d9e8f4be2eacceaf8e62fb7a2c670e2cb3ba,9,9,9,LongMessageChain
covidify,3530345994bbead2222f7db4f9af64765df43ec9,18,18,18,LongMessageChain
covidify,35bff63244a92c0a717773be5d8ab29a7a646d0c,7,7,7,LongMessageChain
covidify,3758c3849bbb9189610b4b888441843868fc22a9,10,10,10,LongMessageChain
covidify,388d047f8117e1b4370170e2ccc43ded41f5587f,21,21,21,LongMessageChain
covidify,38ab4035e5fc0fe87053db46ef69dd2d5e1951e6,5,5,5,LongMessageChain
covidify,398a507c850c95493d54350e07db9143a4636e36,20,20,20,LongMessageChain
covidify,39c9f40df8a1dda132112b085959a3f88da13ff8,20,20,20,LongMessageChain
covidify,39e6619200e9e1b0fa042865358e16429eb05695,12,12,12,LongMessageChain
covidify,3a04b071bdce7872bc164314c8399059442e6c71,21,21,21,LongMessageChain
covidify,3a311b08a0b649b5834796a52b97850ba03b5734,1,1,1,LongMessageChain
covidify,3c65d95607440b1ef8ff7439115ea89c3403dde1,18,18,18,LongMessageChain
covidify,3e0c49c530536673bb988712e9bbfd24acec3dd6,10,10,10,LongMessageChain
covidify,3ecc61b66f7fa089984463268b4e5e75069cff91,5,5,5,LongMessageChain
covidify,3f09f6dc163dda36643a15bcbeda5982629e2cc5,13,13,13,LongMessageChain
covidify,4024d43180e2dfdf01b5fbe9fc165504db0adf6b,12,12,12,LongMessageChain
covidify,41b9a874f5e705ec054849b6d95a517844682733,20,20,20,LongMessageChain
covidify,41bf506c50428b52e2bb9c8b6576a76193d32509,20,20,20,LongMessageChain
covidify,43099064d629bdd6ce6d83efae4c4106f4693555,10,10,10,LongMessageChain
covidify,4394a95e04eeb32e92dd91e39739d2ef19c20d85,5,5,5,LongMessageChain
covidify,45ea6086ccdc94b4dd59c104bf692789d7a8121a,5,5,5,LongMessageChain
covidify,4617addb78b5eb256b820a8eb23c7e08b29dff1a,5,5,5,LongMessageChain
covidify,479ef368fb608666b24c3deb9fed0263a82e1f71,21,21,21,LongMessageChain
covidify,47a176f02b70129c4e836f165a8e3636c04f56b4,5,5,5,LongMessageChain
covidify,4803675022be858983497fbeb1a921f5f7c1ca92,20,20,20,LongMessageChain
covidify,482c7be35e94368820cacf1007b360b953ba27b0,3,3,3,LongMessageChain
covidify,496625dc99c2d1b82da3d6e35019bf5e5aa208f7,20,20,20,LongMessageChain
covidify,4aa32bd19f2184001c9210686b83962efa8402fc,5,5,5,LongMessageChain
covidify,4c08e9cd598fa755eb95bede33d3b1e80af7d7d5,17,17,17,LongMessageChain
covidify,4c83c82a350e4319f45537c9a05b34050f7e7fa5,5,5,5,LongMessageChain
covidify,4ce06779b09a7d3060e6bf5a0b525d089442a1ff,10,10,10,LongMessageChain
covidify,50e2871edcf2e03935f235d8f3c57eead952b44d,7,7,7,LongMessageChain
covidify,50ed49975269d6c1ae5fdc6a9270fefbab445e4a,21,21,21,LongMessageChain
covidify,51861e8f1fd6399ec117d4d21bf66321eb08144a,10,10,10,LongMessageChain
covidify,5274a49417321434ada6c34148392929f9071922,10,10,10,LongMessageChain
covidify,5466fee5e9dc9576ce644c337d38c196f9e54782,9,9,9,LongMessageChain
covidify,5535e7954c44263fa30dca8c32ac60d18c2da6b6,5,5,5,LongMessageChain
covidify,553d01f78e5df6711fd99511dba3c07fa23e4415,21,21,21,LongMessageChain
covidify,5704199e5313e5ad96868b19776c7f764cf9b0ba,21,21,21,LongMessageChain
covidify,579aa5608b37dc2afc4a9af758250a97b32c8c6f,12,12,12,LongMessageChain
covidify,57e8da7b5f53f1752451c5fb384cd6a78867d642,10,10,10,LongMessageChain
covidify,580b20000b34eea9b2d3d50f5ff1e1484c20f033,20,20,20,LongMessageChain
covidify,5923ea4e3fc6a2bf63a1635581097dbb011d3c64,7,7,7,LongMessageChain
covidify,59364fd5d344312b28801eb4ce31274c8e794d58,5,5,5,LongMessageChain
covidify,5ab5bbc865f153f85d1f74f152ea30b42ca860cd,3,3,3,LongMessageChain
covidify,5b41ba75480b61b9070edbb41827a7eed22becc9,10,10,10,LongMessageChain
covidify,5e64fa6d33695ee81f5436d04e76a9a8771200e0,5,5,5,LongMessageChain
covidify,5f6e59781bd55bf13c94b3cd61043f894d6ce0ab,20,20,20,LongMessageChain
covidify,60a6079b4e1a03234d5cf0e45d23e32c3361aef1,10,10,10,LongMessageChain
covidify,60d210a3324f9f900272d24900f577abc306ace3,5,5,5,LongMessageChain
covidify,60f50e29757be96a7d10267c0bbe24da20b70819,21,21,21,LongMessageChain
covidify,61edbe42c118fc4058f92c1b6623f91f846f368d,12,12,12,LongMessageChain
covidify,61ef7e22be30bf00ac0168bd8fa1825ac200430a,1,1,1,LongMessageChain
covidify,630fe7720ba24d4483e72ef86c47137ba6bae459,20,20,20,LongMessageChain
covidify,63a799ec3c4605833f56703ec1c81b95d3db5af4,20,20,20,LongMessageChain
covidify,653857816656a642a262a6d0db9baafbb5e7c8cc,10,10,10,LongMessageChain
covidify,6611468d68f6470af5d273e1b7af6b9e8e4c3ad8,3,3,3,LongMessageChain
covidify,669289bbbf4508940d7096fee676ef061550183a,5,5,5,LongMessageChain
covidify,67ae2bfd7ee21d8a062e6dc2fbfab599a2f40aa1,10,10,10,LongMessageChain
covidify,69c503108b6cd5fcac67b06df3d84204d3cf623f,3,3,3,LongMessageChain
covidify,6aab44791b342032d81373c22a5deee8b49d6a43,12,12,12,LongMessageChain
covidify,6b156d43730024e952ead8b601e5939b4a668684,12,12,12,LongMessageChain
covidify,6b5cf163f18e743f90c08fde6a740dcda6d192b9,3,3,3,LongMessageChain
covidify,6bcf2681987c4b1b7d2787f278c379eeaca41e3b,12,12,12,LongMessageChain
covidify,6bef8d6f600b212b79addb0c0c3ed4fbcef775d3,5,5,5,LongMessageChain
covidify,6c436410b4494013452debac08d9c9c340555d07,10,10,10,LongMessageChain
covidify,6c6edf09e149c2a536750ffcafe43fdb1a997111,5,5,5,LongMessageChain
covidify,6cce02d6001bdbb715fa78ce80c704c4c4fa50c8,10,10,10,LongMessageChain
covidify,6d7f36370f94774062424ed1aaaabbe91a74e4c1,5,5,5,LongMessageChain
covidify,6db0de178b74d747205b867438ec3c533dc81d77,21,21,21,LongMessageChain
covidify,6df499a365639c9147a7a96eb0f6af9a58727c8d,5,5,5,LongMessageChain
covidify,6f01b00caa46495b8d3c5a8f12d24aab21d9f0aa,13,13,13,LongMessageChain
covidify,7141ad50c8eeb88031eeef718748760a034739bf,3,3,3,LongMessageChain
covidify,7190e676f30fa60a572cbcd4caace38a9faaaf51,21,21,21,LongMessageChain
covidify,72086da5836d65ee8845f04b97a0b9f8d0c633b5,5,5,5,LongMessageChain
covidify,72b05c14eb31fe61abfb69acb4d734472f8cc392,5,5,5,LongMessageChain
covidify,72deeca1016dd008f0d385d4c56bf1e883a04db2,21,21,21,LongMessageChain
covidify,7319f9c0fd8ce5ae43a044ccb7ff20e8eba9dc4a,20,20,20,LongMessageChain
covidify,73b81803f4651d357ec41d8fd082cc7b481d8fc0,10,10,10,LongMessageChain
covidify,753138b6f1be560195d0eb6da6b4638664b7a83e,20,20,20,LongMessageChain
covidify,76a15a5140dcd019164ea259238c563f620f57d9,5,5,5,LongMessageChain
covidify,76ec34efa5f7c02f645c294da37af4c013595512,3,3,3,LongMessageChain
covidify,7801a1330815ad155de9bcf7c5833d87f95b0b54,3,3,3,LongMessageChain
covidify,78681d9fd49257dc580a35fecd2333905f4cf9f0,5,5,5,LongMessageChain
covidify,7896c5d2b6765d34c5fcbc8bf250e44a920f8e52,12,12,12,LongMessageChain
covidify,7913ab9904a176a91c2df64ae4974dd70d269d10,10,10,10,LongMessageChain
covidify,7b836465bb5dff100cee5c38f0bfa5f9d3e62751,21,21,21,LongMessageChain
covidify,7bb9af4d636c7e78d491d83312346223d5adf710,20,20,20,LongMessageChain
covidify,7d151ec280fa7aa570b58a6f160d3154aced0108,12,12,12,LongMessageChain
covidify,7d5a62e3b068da7fff7b496ae60148441e80a45a,20,20,20,LongMessageChain
covidify,7e2929419f5587908eef9daeffd349e9b6a945e0,3,3,3,LongMessageChain
covidify,809edf99432fd3e19cb803025e5ef60df4060769,10,10,10,LongMessageChain
covidify,81807a47e98293c073fea6353d523908fe04160c,21,21,21,LongMessageChain
covidify,848ff373d2e8d57baa5f573cdf8677bd19d3faa3,5,5,5,LongMessageChain
covidify,8ae326062d05a7d6c998d75e00595bf71c090f91,3,3,3,LongMessageChain
covidify,8c9ca59ec198a947f09b642d5020fa8a72929590,1,1,1,LongMessageChain
covidify,8cc745c15d2ad2b14cd622fce2c66a14576388d4,20,20,20,LongMessageChain
covidify,8ce44a4a13780589464358b3c8eba8d91020b63f,18,18,18,LongMessageChain
covidify,8e4fd20dd7c24eeea6ee9f2f53e267cb4ead325d,5,5,5,LongMessageChain
covidify,8e9e9a03d8521ce330b2e67471ca5dc19eea23e3,12,12,12,LongMessageChain
covidify,909a6923e9c160fbe3c90c2f5fd98fc542d56193,12,12,12,LongMessageChain
covidify,90b39d8f96e382047305375c0264dc08f2a1b60f,17,17,17,LongMessageChain
covidify,90ec519d96af01fe1e711332e494b8e31c6e23e5,12,12,12,LongMessageChain
covidify,91ac7502654c7addbe42d67333ca3acc9837bf1e,20,20,20,LongMessageChain
covidify,91bfd7b529cf735c56ab0b506f3aeff3933e146a,20,20,20,LongMessageChain
covidify,935af3125b6f3e50cbf9d946883c5c0190cbaac7,10,10,10,LongMessageChain
covidify,941278670ed89274ed6e1b9112b18a695ebb5229,17,17,17,LongMessageChain
covidify,94fa636313fc494eacffcb252f561c3123f3e8b3,10,10,10,LongMessageChain
covidify,95a794eb5e24ac477d6e191b7454a0de44493a13,3,3,3,LongMessageChain
covidify,969639e971f662c763f901531aee378a702826ed,5,5,5,LongMessageChain
covidify,96eae74b29cc0151f2099d3b8ab24d733369b65b,20,20,20,LongMessageChain
covidify,97ceafd7fc1abd1c29d4b7762b212aafa6ddc046,20,20,20,LongMessageChain
covidify,981ad6e15aeb7c7a9b20e521db1e1bd03026b58e,7,7,7,LongMessageChain
covidify,99a0b70734b1f19608789f08f11f1d3ce4a2e0a6,12,12,12,LongMessageChain
covidify,9ac352f9fa5509d3a75ec10b0105ad3aaadee169,7,7,7,LongMessageChain
covidify,9be190dfb05c31fc90ca09d6a0a9aff23d3d8c54,10,10,10,LongMessageChain
covidify,9bff216abe666e6727b972b07e1a23e1e9a0cbe0,21,21,21,LongMessageChain
covidify,9c3331c9cd376abb74c2d4998052f2a714bf12cb,5,5,5,LongMessageChain
covidify,9d2e1ace7f34fbc35565970ed9a7d0c18e109276,21,21,21,LongMessageChain
covidify,9fc46205145ef214603af212de868679d6d66033,20,20,20,LongMessageChain
covidify,a0083ce69c1001b4725ca32c1b327fb77e2a4134,10,10,10,LongMessageChain
covidify,a106df4c17167b8e71fc52acf4dbd5e259bf36e5,10,10,10,LongMessageChain
covidify,a3185b918b6a0ea19989d6b85fc8b73c5d13a1f0,21,21,21,LongMessageChain
covidify,a5b4ebbfe592c40a68e2aa4fee5a4dd0c7e67396,10,10,10,LongMessageChain
covidify,a5b804b75486bb48fe583178b68406e82f482289,12,12,12,LongMessageChain
covidify,a6afdbf142d54bbe02d973e315f0b7f6caa24980,10,10,10,LongMessageChain
covidify,a7f24c2568b801b1c76980b277e42ff779ca2de9,3,3,3,LongMessageChain
covidify,a88bf07c697b0a4775d7a1bd408aa488c9126fa1,21,21,21,LongMessageChain
covidify,a97e6c44d54a6d02aefd26a37ee4507fc4525c62,20,20,20,LongMessageChain
covidify,aa7570c46d44155c6ca67b7bf15424bf499faab2,20,20,20,LongMessageChain
covidify,ac4ce6c134dee6306772726598d782844fc54df5,17,17,17,LongMessageChain
covidify,ac8f85b5b01556402d8855e702f42cb05249499b,1,1,1,LongMessageChain
covidify,ae413f95505fbc7978b45966193598c01d7c8728,21,21,21,LongMessageChain
covidify,aead3b13798cf5839605784032045d6341266606,13,13,13,LongMessageChain
covidify,b05c35208bdb3f0aaff6009c091f458ae48281dd,9,9,9,LongMessageChain
covidify,b2a8aab4bd2b9eb9952643b1c32f0f8d2b637669,9,9,9,LongMessageChain
covidify,b2cf5fbb040497bee642de6db19f46728f536663,21,21,21,LongMessageChain
covidify,b3941e16df683e0c7196f42a6be86ed244d5bd0b,21,21,21,LongMessageChain
covidify,b47fa60a1d4d56aef7ccf7a7873537b73fb227d0,3,3,3,LongMessageChain
covidify,b4d1a66dd88609c1010bb3ef859cd7e2d607507f,5,5,5,LongMessageChain
covidify,b4dfdc2a7fe3491c3257fcf98e4480b5f44d9215,10,10,10,LongMessageChain
covidify,b5166badfde644488ac1cfa1983634f1f8da714a,10,10,10,LongMessageChain
covidify,b5d4472a8ed95301ed60955e8db538ee176f6335,18,18,18,LongMessageChain
covidify,b651b9ad867e28d208d78a0c03bfdf03267be0c6,20,20,20,LongMessageChain
covidify,b69d13f28ab4538aed30ab6b3a9196615fba999b,5,5,5,LongMessageChain
covidify,b6a8ac6cbe81b9ef728a75d5c1835b69486de824,9,9,9,LongMessageChain
covidify,b6c786e493102164b284d086a397a2f4d836c86f,20,20,20,LongMessageChain
covidify,b726555bc5a5fc3912f3099caa066841775c453f,21,21,21,LongMessageChain
covidify,b7cd61abbb2a33fc7b1e2cd2ce0a58017f1edb98,12,12,12,LongMessageChain
covidify,b84a43bf45a7c2406741406f8d8e6f3a2742cc7f,3,3,3,LongMessageChain
covidify,b85472b7a1529a28761f93d9aad71f60439432ba,3,3,3,LongMessageChain
covidify,b90c150004262fca75a1dab99b626171a161db73,21,21,21,LongMessageChain
covidify,bba3de2e145f4c6182ecb402fb528a663e9f9f1d,1,1,1,LongMessageChain
covidify,bc90008916cd4b0685019e0b979e5ec443691c6b,10,10,10,LongMessageChain
covidify,bc9fb43ccebe3f93a59caf9d100731abf51052dd,10,10,10,LongMessageChain
covidify,be778c6308031b808dcadc0c9a12f76c4a630c60,10,10,10,LongMessageChain
covidify,c02692e2b97e2de875b761a9ed589b599da5f0fd,21,21,21,LongMessageChain
covidify,c031b957a2ca6ecd7e7d90660ed160be21a63a82,12,12,12,LongMessageChain
covidify,c1de6c5ba1b72d356a99d1ef4f38ed819df090f6,20,20,20,LongMessageChain
covidify,c3e722b60824c8739045ac4c57b50b1478a995b2,3,3,3,LongMessageChain
covidify,c3f522505cc99938ad81932b6e399a58ab3ec9c4,3,3,3,LongMessageChain
covidify,c472ad97ddee4703e84b3c683774202d7523d948,20,20,20,LongMessageChain
covidify,c5dbd6be9b4cfb62fec7c488bfebc22c1cbde1a6,12,12,12,LongMessageChain
covidify,c66d32f9bbb1254905d2e95dd1792f136219c5b9,3,3,3,LongMessageChain
covidify,c77e564cdc25f1e4e0449b3f336e832ad90cb595,7,7,7,LongMessageChain
covidify,c84a37466f620fda86e9be44b0d947c0175fb47b,12,12,12,LongMessageChain
covidify,c93eaead6c648255d9e6e40aae7fe5c96bd48117,21,21,21,LongMessageChain
covidify,c94705dcba36232df94e6ba18b41fa81b4e8b679,1,1,1,LongMessageChain
covidify,c9fb719a4da0c135244539ecbf19249d0e0caf28,12,12,12,LongMessageChain
covidify,ca62f26fdc6d2b909ce6a0b71f09852bb2472df9,3,3,3,LongMessageChain
covidify,ca677611967e93578bf708a44c00e7d33b1e8563,12,12,12,LongMessageChain
covidify,cabc1db43d16627ef9ffd03158d80e508c1e060c,1,1,1,LongMessageChain
covidify,cacda8445b09062592190feb8137ab8cafea7573,21,21,21,LongMessageChain
covidify,cc7e935009575388cd07141b4fe84569ec51d925,12,12,12,LongMessageChain
covidify,ccda88ccb3e58b5994062f2649d590094e2d04ed,5,5,5,LongMessageChain
covidify,cdeab75f61d33adc5f208af8012b28889e28a499,20,20,20,LongMessageChain
covidify,ce008f78f152ce70269449dba2be0e20f76e3c3b,21,21,21,LongMessageChain
covidify,ce9eee0c78d1d08793bdde4d910dcd0aed0cd917,3,3,3,LongMessageChain
covidify,ceee002bfcf5265afb04b25dd9dc6aae1dea6944,20,20,20,LongMessageChain
covidify,cfdc496879b0c5a2e40277d9e74180edde69099c,20,20,20,LongMessageChain
covidify,d0441fa869193cf91b2d5be259d3f254c1ac00da,10,10,10,LongMessageChain
covidify,d14a5a0bcfa553bc2863086d65087fca178ef6bc,5,5,5,LongMessageChain
covidify,d500eae84f1ea19ae59c1a91d10d4b799828125d,3,3,3,LongMessageChain
covidify,d8919cb77c140b7e5c9da2454d4d1032f4f0422c,5,5,5,LongMessageChain
covidify,d8e6265022d013935fbfb93ce990f50a701cbe1d,10,10,10,LongMessageChain
covidify,daf5679215afc61cfe2da8d366b0b16d5fd26a4d,21,21,21,LongMessageChain
covidify,dcefb0fb895fb7d2d30a6a6ab147f420b1e7ee1e,12,12,12,LongMessageChain
covidify,dd11a9f3a56e736a88d40f4f16dd13d4e50dfe16,10,10,10,LongMessageChain
covidify,dd1abec342cd817789256ce8955632b5e993207a,3,3,3,LongMessageChain
covidify,dd354d7d6daf8134d7b8b64d707902506f7dfc74,20,20,20,LongMessageChain
covidify,dd38a1d57302868760854eeca016200b6061917c,10,10,10,LongMessageChain
covidify,dd75d29d70313fb5b95203fd2d45d63e2515d7bc,5,5,5,LongMessageChain
covidify,ddc21a591c4d3ccabb245e092309cc1fffa1be48,7,7,7,LongMessageChain
covidify,de2ad130d74d1311b500de1b5192bd09e37adde0,21,21,21,LongMessageChain
covidify,de4b2101ad989a1fd26b2e7a5952f0e6cd441ae9,12,12,12,LongMessageChain
covidify,de70ba4166e049fae41212d0dcb4855253edbf5f,20,20,20,LongMessageChain
covidify,e04be2a56248ac32120fd30dda5ff85ddd49a48a,3,3,3,LongMessageChain
covidify,e18a3b52082b80c2b2d1dd0fac8948e3ef207357,10,10,10,LongMessageChain
covidify,e20120b7227c501a53d931c94888e6fc57763a80,13,13,13,LongMessageChain
covidify,e277ba722b6531f46784ffefa253847616048c28,7,7,7,LongMessageChain
covidify,e2e2c792c41ccbb660232d923400af24ee4fe6c8,3,3,3,LongMessageChain
covidify,e328e96361cc7596b28c897321f9410ad6183efb,10,10,10,LongMessageChain
covidify,e33409c6ddeba398637977b87f24138aea2260d9,10,10,10,LongMessageChain
covidify,e3ba2513e0916e3c5ff84492f0b189659d104248,3,3,3,LongMessageChain
covidify,e678eff7ae6e818f709ae57ee80a1e8b0921f2dc,3,3,3,LongMessageChain
covidify,e856bf21b91e56bdf6e44f8c3827993d5610a061,18,18,18,LongMessageChain
covidify,e922cf97821b5dd64125cd040166ae3fd52ff193,20,20,20,LongMessageChain
covidify,e98184983414c171170f9bc8e4684d253425a688,21,21,21,LongMessageChain
covidify,ea478c7b38258ec4406bef16146ec0d81174a7ae,20,20,20,LongMessageChain
covidify,ebb2b234b158144c724ecd394e0c0a673dc39ba1,5,5,5,LongMessageChain
covidify,ecda0ee4b951064b73aaf463e42d0d63b8c249db,12,12,12,LongMessageChain
covidify,efcd634e251df2fbb051c0df004cd17009090ba0,7,7,7,LongMessageChain
covidify,efd2f9bceb235c588496cbeaf85a337454507321,21,21,21,LongMessageChain
covidify,eff4c8183e6b56f0b1fa27d9068a59c1bbffbb8d,1,1,1,LongMessageChain
covidify,f173dbc19cd249612ee652d005e7861de9d3c86c,21,21,21,LongMessageChain
covidify,f1d9a2c5af69ba09057ade55d9b5ff0753889f62,10,10,10,LongMessageChain
covidify,f30d211d2075a5e2ad6625b43e30f66ce7089cfd,3,3,3,LongMessageChain
covidify,f4ec70dae74e16117db841085c3e8dbedba84346,10,10,10,LongMessageChain
covidify,f5206badffc2eae483044d3bf100af4dbfb47e52,3,3,3,LongMessageChain
covidify,f68a1ccfeea6d91f2b214ef5092e066ae30de3b9,10,10,10,LongMessageChain
covidify,f9d9b0af73cbada5e8403f987d801bfe9ad8e6ab,13,13,13,LongMessageChain
covidify,fb32653cc14f062ea6a7696265d45577982082ae,20,20,20,LongMessageChain
covidify,fb80a2400af654f296801813c0d11599d5f330cc,3,3,3,LongMessageChain
covidify,fbb7a51f424583fe574af934cf112073ce7b1b34,10,10,10,LongMessageChain
covidify,fda6e24eee994eb30c2686f085ad74e0b1e1d1c3,10,10,10,LongMessageChain
covidify,ff713718d403d21ead58b1091273a4e7f222c94b,7,7,7,LongMessageChain
