subject,tag,file,lineno,NBC
Adlik,1dd8c4d4c52e5798b7f94211293d6a204d718f20,../../projects/well_engineered_projects/Adlik/model_compiler_2/setup.py,40,1
Adlik,ddc29bfe97d74f1b7bde252aa93f6ef8e9af99d3,../../projects/well_engineered_projects/Adlik/model_compiler_2/setup.py,40,1
Adlik,63c8f36b7d4ab3b1a5b51db1f94ee428ae068fb7,../../projects/well_engineered_projects/Adlik/model_compiler_2/setup.py,40,1
Adlik,aab29292d6fc7374dec4318252bc41c60bb7b49d,../../projects/well_engineered_projects/Adlik/model_compiler_2/setup.py,40,1
Adlik,a025701637085930d0b9dae63841bac87b25aa86,../../projects/well_engineered_projects/Adlik/model_compiler_2/setup.py,40,1
Adlik,d47a90aabab88fbf6b945f02d5603d1be53d2df9,../../projects/well_engineered_projects/Adlik/model_compiler_2/setup.py,40,1
Adlik,5c7c21282d8740526f8d3ede9c32db90ad568322,../../projects/well_engineered_projects/Adlik/model_compiler_2/setup.py,40,1
Adlik,9a76db49f2c2c26239a66965584c3201bcb20ed6,../../projects/well_engineered_projects/Adlik/model_compiler_2/setup.py,40,1
Adlik,4a85a5f6986c599d1b7c0d64a285ccfd7adb41fe,../../projects/well_engineered_projects/Adlik/model_compiler_2/setup.py,40,1
Adlik,011caa1045857a11ac4ab127945692f7bb51f40a,../../projects/well_engineered_projects/Adlik/model_compiler_2/setup.py,40,1
Adlik,da477b1125f91ce9b9434a33a4485a4c2d0511bc,../../projects/well_engineered_projects/Adlik/model_compiler_2/setup.py,40,1
Adlik,26600b0bc4dede8782df8fdc1fb283f64ffc8142,../../projects/well_engineered_projects/Adlik/model_compiler_2/setup.py,40,1
Adlik,9e0165518d0559bcdf353b279b53188fd30e2ef9,../../projects/well_engineered_projects/Adlik/model_compiler_2/setup.py,40,1
Adlik,724ad712985c2e086ad0bac590de80e8e0b4c2f9,../../projects/well_engineered_projects/Adlik/model_compiler_2/setup.py,40,1
Adlik,0382054d1d8f458a2f805da5745e4e14082a2919,../../projects/well_engineered_projects/Adlik/model_compiler_2/setup.py,40,1
Adlik,b737fc8927f1a46b62dc649d934d8f294e72f020,../../projects/well_engineered_projects/Adlik/model_compiler_2/setup.py,40,1
Adlik,0b31b33a9630265228f48052636929cb12aea53b,../../projects/well_engineered_projects/Adlik/model_compiler_2/setup.py,40,1
Adlik,4d502ccdab30422afc91c261d6be6721757d1854,../../projects/well_engineered_projects/Adlik/model_compiler_2/setup.py,40,1
Adlik,9fcdbf36c42b48b08c7a2143fe5695fc90be9515,../../projects/well_engineered_projects/Adlik/benchmark/tests/test_automatic_test.py,13,1
Adlik,9fcdbf36c42b48b08c7a2143fe5695fc90be9515,../../projects/well_engineered_projects/Adlik/benchmark/tests/test_model/mnist_pytorch/mnist_pytorch.py,33,1
Adlik,8d7e925e2e26dd07710b99abcab33462c264f20d,../../projects/well_engineered_projects/Adlik/benchmark/tests/test_automatic_test.py,13,1
Adlik,8d7e925e2e26dd07710b99abcab33462c264f20d,../../projects/well_engineered_projects/Adlik/benchmark/tests/test_model/mnist_pytorch/mnist_pytorch.py,33,1
Adlik,5dfee9518eded9acc178758e609a8c6a6ecffc9f,../../projects/well_engineered_projects/Adlik/benchmark/tests/test_automatic_test.py,13,1
Adlik,5dfee9518eded9acc178758e609a8c6a6ecffc9f,../../projects/well_engineered_projects/Adlik/benchmark/tests/test_model/mnist_pytorch/mnist_pytorch.py,33,1
Adlik,9797ea27a0cca89ab20815e7087da261c19acafd,../../projects/well_engineered_projects/Adlik/benchmark/tests/test_automatic_test.py,13,1
Adlik,9797ea27a0cca89ab20815e7087da261c19acafd,../../projects/well_engineered_projects/Adlik/benchmark/tests/test_model/mnist_pytorch/mnist_pytorch.py,33,1
Adlik,0183669c7a58b73cbd21b365bcabd8538fc1d87a,../../projects/well_engineered_projects/Adlik/benchmark/tests/test_automatic_test.py,13,1
Adlik,0183669c7a58b73cbd21b365bcabd8538fc1d87a,../../projects/well_engineered_projects/Adlik/benchmark/tests/test_model/mnist_pytorch/mnist_pytorch.py,33,1
Adlik,2d733635938474dc3bdc845105e0d5f67a8b6147,../../projects/well_engineered_projects/Adlik/benchmark/tests/test_automatic_test.py,13,1
Adlik,2d733635938474dc3bdc845105e0d5f67a8b6147,../../projects/well_engineered_projects/Adlik/benchmark/tests/test_model/mnist_pytorch/mnist_pytorch.py,33,1
Adlik,9296b9369ccb29239e4e9baaaa72606f68dbf470,../../projects/well_engineered_projects/Adlik/benchmark/tests/test_automatic_test.py,13,1
Adlik,9296b9369ccb29239e4e9baaaa72606f68dbf470,../../projects/well_engineered_projects/Adlik/benchmark/tests/test_model/mnist_pytorch/mnist_pytorch.py,33,1
Adlik,549536a65f60f6b5d432df3bb525f7ef59596eeb,../../projects/well_engineered_projects/Adlik/benchmark/tests/test_automatic_test.py,13,1
Adlik,549536a65f60f6b5d432df3bb525f7ef59596eeb,../../projects/well_engineered_projects/Adlik/benchmark/tests/test_model/mnist_pytorch/mnist_pytorch.py,33,1
Adlik,eca36b23a7635cd25b22d5c49a40ef633b700c69,../../projects/well_engineered_projects/Adlik/benchmark/tests/test_automatic_test.py,13,1
Adlik,eca36b23a7635cd25b22d5c49a40ef633b700c69,../../projects/well_engineered_projects/Adlik/benchmark/tests/test_model/mnist_pytorch/mnist_pytorch.py,33,1
Adlik,f7dd85ee251fd98e6a0f2f2dfeda415d9f18e4ed,../../projects/well_engineered_projects/Adlik/benchmark/tests/test_automatic_test.py,13,1
Adlik,f7dd85ee251fd98e6a0f2f2dfeda415d9f18e4ed,../../projects/well_engineered_projects/Adlik/benchmark/tests/test_model/mnist_pytorch/mnist_pytorch.py,33,1
Adlik,94ff1e2d4c5fd2029ec1d5b365ab5cf6be1aae4d,../../projects/well_engineered_projects/Adlik/benchmark/tests/test_automatic_test.py,13,1
Adlik,94ff1e2d4c5fd2029ec1d5b365ab5cf6be1aae4d,../../projects/well_engineered_projects/Adlik/benchmark/tests/test_model/mnist_pytorch/mnist_pytorch.py,33,1
Adlik,4e6b9d704e6b80c7b26d86bd88c869fda28b7601,../../projects/well_engineered_projects/Adlik/benchmark/tests/test_automatic_test.py,13,1
Adlik,4e6b9d704e6b80c7b26d86bd88c869fda28b7601,../../projects/well_engineered_projects/Adlik/benchmark/tests/test_model/mnist_pytorch/mnist_pytorch.py,33,1
Adlik,89a85b14805d0b6f7f3cd6ba0c885749f615a271,../../projects/well_engineered_projects/Adlik/benchmark/tests/test_automatic_test.py,13,1
Adlik,89a85b14805d0b6f7f3cd6ba0c885749f615a271,../../projects/well_engineered_projects/Adlik/benchmark/tests/test_model/mnist_pytorch/mnist_pytorch.py,33,1
Adlik,282d25d897f1f037e7d48d0ce8447c321505b8eb,../../projects/well_engineered_projects/Adlik/benchmark/tests/test_automatic_test.py,13,1
Adlik,282d25d897f1f037e7d48d0ce8447c321505b8eb,../../projects/well_engineered_projects/Adlik/benchmark/tests/test_model/mnist_pytorch/mnist_pytorch.py,33,1
Adlik,0ba6924307074b1cbbeee650ad49cfd3427599ee,../../projects/well_engineered_projects/Adlik/benchmark/tests/test_automatic_test.py,13,1
Adlik,0ba6924307074b1cbbeee650ad49cfd3427599ee,../../projects/well_engineered_projects/Adlik/benchmark/tests/test_model/mnist_pytorch/mnist_pytorch.py,33,1
Adlik,a25a790130b703950afd52c16c3af5f9ee451dc8,../../projects/well_engineered_projects/Adlik/benchmark/tests/test_automatic_test.py,13,1
Adlik,a25a790130b703950afd52c16c3af5f9ee451dc8,../../projects/well_engineered_projects/Adlik/benchmark/tests/test_model/mnist_pytorch/mnist_pytorch.py,33,1
Adlik,791bdaf4b24006b4a6891fe2534db03c59183b4f,../../projects/well_engineered_projects/Adlik/benchmark/tests/test_automatic_test.py,13,1
Adlik,791bdaf4b24006b4a6891fe2534db03c59183b4f,../../projects/well_engineered_projects/Adlik/benchmark/tests/test_model/mnist_pytorch/mnist_pytorch.py,33,1
Adlik,09c6f826c0cd39d9f4daa890133ebc80cb8afff8,../../projects/well_engineered_projects/Adlik/benchmark/tests/test_automatic_test.py,13,1
Adlik,09c6f826c0cd39d9f4daa890133ebc80cb8afff8,../../projects/well_engineered_projects/Adlik/benchmark/tests/test_model/mnist_pytorch/mnist_pytorch.py,33,1
Adlik,d602679c1a5742a2ede03999a7fc6182fe3ccb0f,../../projects/well_engineered_projects/Adlik/benchmark/tests/test_automatic_test.py,13,1
Adlik,d602679c1a5742a2ede03999a7fc6182fe3ccb0f,../../projects/well_engineered_projects/Adlik/benchmark/tests/test_model/mnist_pytorch/mnist_pytorch.py,33,1
Adlik,3dc2c233b1646e6571980b7fbfd9e4d91c877bc8,../../projects/well_engineered_projects/Adlik/benchmark/tests/test_automatic_test.py,13,1
Adlik,3dc2c233b1646e6571980b7fbfd9e4d91c877bc8,../../projects/well_engineered_projects/Adlik/benchmark/tests/test_model/mnist_pytorch/mnist_pytorch.py,33,1
Adlik,7fe68ab4730471763a13d153620a49e3561216ac,../../projects/well_engineered_projects/Adlik/benchmark/tests/test_automatic_test.py,13,1
Adlik,7fe68ab4730471763a13d153620a49e3561216ac,../../projects/well_engineered_projects/Adlik/benchmark/tests/test_model/mnist_pytorch/mnist_pytorch.py,33,1
Adlik,426ee9ace8865ce4cabe0d6dc419c6cae5d08d9d,../../projects/well_engineered_projects/Adlik/benchmark/tests/test_automatic_test.py,13,1
Adlik,426ee9ace8865ce4cabe0d6dc419c6cae5d08d9d,../../projects/well_engineered_projects/Adlik/benchmark/tests/test_model/mnist_pytorch/mnist_pytorch.py,33,1
Adlik,8623d0d82911c6c2f1999fdb356bd7d8c221a947,../../projects/well_engineered_projects/Adlik/benchmark/tests/test_automatic_test.py,13,1
Adlik,8623d0d82911c6c2f1999fdb356bd7d8c221a947,../../projects/well_engineered_projects/Adlik/benchmark/tests/test_model/mnist_pytorch/mnist_pytorch.py,33,1
Adlik,9033ba7165d45b576492900822e67853958cf8f3,../../projects/well_engineered_projects/Adlik/benchmark/tests/test_automatic_test.py,13,1
Adlik,9033ba7165d45b576492900822e67853958cf8f3,../../projects/well_engineered_projects/Adlik/benchmark/tests/test_model/mnist_pytorch/mnist_pytorch.py,33,1
Adlik,ec8b72f6d1e083abd7bfe1c470589508e43c54d8,../../projects/well_engineered_projects/Adlik/benchmark/tests/test_automatic_test.py,13,1
Adlik,ec8b72f6d1e083abd7bfe1c470589508e43c54d8,../../projects/well_engineered_projects/Adlik/benchmark/tests/test_model/mnist_pytorch/mnist_pytorch.py,33,1
Adlik,6b8bf7b258c17483395a5605152cb5043ae53c3e,../../projects/well_engineered_projects/Adlik/benchmark/tests/test_automatic_test.py,13,1
Adlik,6b8bf7b258c17483395a5605152cb5043ae53c3e,../../projects/well_engineered_projects/Adlik/benchmark/tests/test_model/mnist_pytorch/mnist_pytorch.py,33,1
Adlik,35fd7141b64224301048e4657442a505979ae00d,../../projects/well_engineered_projects/Adlik/benchmark/tests/test_automatic_test.py,13,1
Adlik,35fd7141b64224301048e4657442a505979ae00d,../../projects/well_engineered_projects/Adlik/benchmark/tests/test_model/mnist_pytorch/mnist_pytorch.py,33,1
Adlik,a26c8b31becb3164f9bdd6164219ac4b7ad12d77,../../projects/well_engineered_projects/Adlik/benchmark/tests/test_automatic_test.py,13,1
Adlik,a26c8b31becb3164f9bdd6164219ac4b7ad12d77,../../projects/well_engineered_projects/Adlik/benchmark/tests/test_model/mnist_pytorch/mnist_pytorch.py,33,1
Adlik,cc697f3df606f2353917d021824fc195035209e1,../../projects/well_engineered_projects/Adlik/benchmark/tests/test_automatic_test.py,13,1
Adlik,cc697f3df606f2353917d021824fc195035209e1,../../projects/well_engineered_projects/Adlik/benchmark/tests/test_model/mnist_pytorch/mnist_pytorch.py,33,1
Adlik,02847414f46d6e48962133a014252d33872cc242,../../projects/well_engineered_projects/Adlik/benchmark/tests/test_automatic_test.py,13,1
Adlik,02847414f46d6e48962133a014252d33872cc242,../../projects/well_engineered_projects/Adlik/benchmark/tests/test_model/mnist_pytorch/mnist_pytorch.py,33,1
Adlik,4d185fb039dd85387aea5aac2eba4930db8d949f,../../projects/well_engineered_projects/Adlik/benchmark/tests/test_automatic_test.py,13,1
Adlik,4d185fb039dd85387aea5aac2eba4930db8d949f,../../projects/well_engineered_projects/Adlik/benchmark/tests/test_model/mnist_pytorch/mnist_pytorch.py,33,1
Adlik,8a1b3d304b7b7eed79e922a1665119f5a3572282,../../projects/well_engineered_projects/Adlik/benchmark/tests/test_automatic_test.py,13,1
Adlik,8a1b3d304b7b7eed79e922a1665119f5a3572282,../../projects/well_engineered_projects/Adlik/benchmark/tests/test_model/mnist_pytorch/mnist_pytorch.py,33,1
Adlik,89a2cb46d6879d78de4e1bfa31efab10533399f2,../../projects/well_engineered_projects/Adlik/benchmark/tests/test_automatic_test.py,13,1
Adlik,89a2cb46d6879d78de4e1bfa31efab10533399f2,../../projects/well_engineered_projects/Adlik/benchmark/tests/test_model/mnist_pytorch/mnist_pytorch.py,33,1
Adlik,f57619a11471f236f5857212d0c406a835658d18,../../projects/well_engineered_projects/Adlik/benchmark/tests/test_automatic_test.py,13,1
Adlik,f57619a11471f236f5857212d0c406a835658d18,../../projects/well_engineered_projects/Adlik/benchmark/tests/test_model/mnist_pytorch/mnist_pytorch.py,33,1
Adlik,4976ef3940f963bb9a09653967f942991ceb82ae,../../projects/well_engineered_projects/Adlik/benchmark/tests/test_automatic_test.py,13,1
Adlik,4976ef3940f963bb9a09653967f942991ceb82ae,../../projects/well_engineered_projects/Adlik/benchmark/tests/test_model/mnist_pytorch/mnist_pytorch.py,33,1
Adlik,0b1885fe5c895cd659187300c8094754cddc4bfa,../../projects/well_engineered_projects/Adlik/benchmark/tests/test_automatic_test.py,13,1
Adlik,0b1885fe5c895cd659187300c8094754cddc4bfa,../../projects/well_engineered_projects/Adlik/benchmark/tests/test_model/mnist_pytorch/mnist_pytorch.py,33,1
Adlik,9c357c8c55c40d72cf21c859e193999ee81889a0,../../projects/well_engineered_projects/Adlik/benchmark/tests/test_automatic_test.py,13,1
Adlik,9c357c8c55c40d72cf21c859e193999ee81889a0,../../projects/well_engineered_projects/Adlik/benchmark/tests/test_model/mnist_pytorch/mnist_pytorch.py,33,1
Adlik,06b2e241145680dbeab74230006d7b4b5a21b6eb,../../projects/well_engineered_projects/Adlik/benchmark/tests/test_automatic_test.py,13,1
Adlik,06b2e241145680dbeab74230006d7b4b5a21b6eb,../../projects/well_engineered_projects/Adlik/benchmark/tests/test_model/mnist_pytorch/mnist_pytorch.py,33,1
Adlik,7ea1929470194ef247143d13684cb3427af16f95,../../projects/well_engineered_projects/Adlik/benchmark/tests/test_automatic_test.py,13,1
Adlik,7ea1929470194ef247143d13684cb3427af16f95,../../projects/well_engineered_projects/Adlik/benchmark/tests/test_model/mnist_pytorch/mnist_pytorch.py,33,1
Adlik,ce1497107802982830fcd1cbc390b2b8879b4608,../../projects/well_engineered_projects/Adlik/benchmark/tests/test_automatic_test.py,13,1
Adlik,ce1497107802982830fcd1cbc390b2b8879b4608,../../projects/well_engineered_projects/Adlik/benchmark/tests/test_model/mnist_pytorch/mnist_pytorch.py,33,1
Adlik,e22494cc77eb7e01fac4830fe6897e967f1e40a7,../../projects/well_engineered_projects/Adlik/benchmark/tests/test_automatic_test.py,13,1
Adlik,e22494cc77eb7e01fac4830fe6897e967f1e40a7,../../projects/well_engineered_projects/Adlik/benchmark/tests/test_model/mnist_pytorch/mnist_pytorch.py,33,1
Adlik,84b5fcdecf1c777396bf875b155e7a983c115455,../../projects/well_engineered_projects/Adlik/benchmark/tests/test_automatic_test.py,13,1
Adlik,84b5fcdecf1c777396bf875b155e7a983c115455,../../projects/well_engineered_projects/Adlik/benchmark/tests/test_model/mnist_pytorch/mnist_pytorch.py,33,1
Adlik,5dc2237da1364997446fa3f56fabe2903a6d8ea5,../../projects/well_engineered_projects/Adlik/benchmark/tests/test_automatic_test.py,13,1
Adlik,5dc2237da1364997446fa3f56fabe2903a6d8ea5,../../projects/well_engineered_projects/Adlik/benchmark/tests/test_model/mnist_pytorch/mnist_pytorch.py,33,1
Adlik,02bf098787b7d411f69c7b6a83c97c3a62b5a3e4,../../projects/well_engineered_projects/Adlik/benchmark/tests/test_automatic_test.py,13,1
Adlik,02bf098787b7d411f69c7b6a83c97c3a62b5a3e4,../../projects/well_engineered_projects/Adlik/benchmark/tests/test_model/mnist_pytorch/mnist_pytorch.py,33,1
Adlik,e5c2fbcead569e94d5df437a39eaa6074a72a09a,../../projects/well_engineered_projects/Adlik/benchmark/tests/test_automatic_test.py,13,1
Adlik,e5c2fbcead569e94d5df437a39eaa6074a72a09a,../../projects/well_engineered_projects/Adlik/benchmark/tests/test_model/mnist_pytorch/mnist_pytorch.py,33,1
Adlik,fbf7d08f4e537b29c0410c7f872021eb2bf6f487,../../projects/well_engineered_projects/Adlik/benchmark/tests/test_automatic_test.py,13,1
Adlik,fbf7d08f4e537b29c0410c7f872021eb2bf6f487,../../projects/well_engineered_projects/Adlik/benchmark/tests/test_model/mnist_pytorch/mnist_pytorch.py,33,1
Adlik,88fb5f0da28a5894731ea48ddaee319bab2a57cb,../../projects/well_engineered_projects/Adlik/benchmark/tests/test_automatic_test.py,13,1
Adlik,88fb5f0da28a5894731ea48ddaee319bab2a57cb,../../projects/well_engineered_projects/Adlik/benchmark/tests/test_model/mnist_pytorch/mnist_pytorch.py,33,1
Adlik,bea614038f85ab1040763367ecd70fab02f94b8b,../../projects/well_engineered_projects/Adlik/benchmark/tests/test_automatic_test.py,13,1
Adlik,bea614038f85ab1040763367ecd70fab02f94b8b,../../projects/well_engineered_projects/Adlik/benchmark/tests/test_model/mnist_pytorch/mnist_pytorch.py,33,1
Adlik,2a1424bdc3712e835a6808718dd870ee290a00d7,../../projects/well_engineered_projects/Adlik/benchmark/tests/test_automatic_test.py,13,1
Adlik,2a1424bdc3712e835a6808718dd870ee290a00d7,../../projects/well_engineered_projects/Adlik/benchmark/tests/test_model/mnist_pytorch/mnist_pytorch.py,33,1
Adlik,9b8e21dcb205130fdc5b5edb42b344593bc3b157,../../projects/well_engineered_projects/Adlik/benchmark/tests/test_automatic_test.py,13,1
Adlik,9b8e21dcb205130fdc5b5edb42b344593bc3b157,../../projects/well_engineered_projects/Adlik/benchmark/tests/test_model/mnist_pytorch/mnist_pytorch.py,33,1
Adlik,ada03804b474983be57f027095c1e844093a2f00,../../projects/well_engineered_projects/Adlik/benchmark/tests/test_automatic_test.py,13,1
Adlik,ada03804b474983be57f027095c1e844093a2f00,../../projects/well_engineered_projects/Adlik/benchmark/tests/test_model/mnist_pytorch/mnist_pytorch.py,33,1
Adlik,62c250c34cdb37109ac24ad80c177cd198ff75f3,../../projects/well_engineered_projects/Adlik/benchmark/tests/test_automatic_test.py,13,1
Adlik,62c250c34cdb37109ac24ad80c177cd198ff75f3,../../projects/well_engineered_projects/Adlik/benchmark/tests/test_model/mnist_pytorch/mnist_pytorch.py,33,1
Adlik,66a39ebf7a7e4db31582107c66600ff837a6c912,../../projects/well_engineered_projects/Adlik/benchmark/tests/test_automatic_test.py,13,1
Adlik,66a39ebf7a7e4db31582107c66600ff837a6c912,../../projects/well_engineered_projects/Adlik/benchmark/tests/test_model/mnist_pytorch/mnist_pytorch.py,33,1
Adlik,dc80fe1cbde3b7015ffed8665d5e52b004abf2ff,../../projects/well_engineered_projects/Adlik/benchmark/tests/test_automatic_test.py,13,1
Adlik,dc80fe1cbde3b7015ffed8665d5e52b004abf2ff,../../projects/well_engineered_projects/Adlik/benchmark/tests/test_model/mnist_pytorch/mnist_pytorch.py,33,1
Adlik,bc43ce77365d5e0725a4dc82a814d013026e27f0,../../projects/well_engineered_projects/Adlik/benchmark/tests/test_automatic_test.py,13,1
Adlik,bc43ce77365d5e0725a4dc82a814d013026e27f0,../../projects/well_engineered_projects/Adlik/benchmark/tests/test_model/mnist_pytorch/mnist_pytorch.py,33,1
Adlik,0f5ea70986a4f31639aace9e4b7daa563edba528,../../projects/well_engineered_projects/Adlik/benchmark/tests/test_automatic_test.py,13,1
Adlik,0f5ea70986a4f31639aace9e4b7daa563edba528,../../projects/well_engineered_projects/Adlik/benchmark/tests/test_model/mnist_pytorch/mnist_pytorch.py,33,1
Adlik,57cef18c58830dfaebc899e8e2cb2bb284711b58,../../projects/well_engineered_projects/Adlik/benchmark/tests/test_automatic_test.py,13,1
Adlik,57cef18c58830dfaebc899e8e2cb2bb284711b58,../../projects/well_engineered_projects/Adlik/benchmark/tests/test_model/mnist_pytorch/mnist_pytorch.py,33,1
Adlik,846044fa52f6ef0dbf815f3e66bd79bf19305fd9,../../projects/well_engineered_projects/Adlik/benchmark/tests/test_automatic_test.py,13,1
Adlik,846044fa52f6ef0dbf815f3e66bd79bf19305fd9,../../projects/well_engineered_projects/Adlik/benchmark/tests/test_model/mnist_pytorch/mnist_pytorch.py,33,1
Adlik,f24cd42a6973dbfe0a5526dded65a1e7cbf87202,../../projects/well_engineered_projects/Adlik/benchmark/tests/test_automatic_test.py,13,1
Adlik,f24cd42a6973dbfe0a5526dded65a1e7cbf87202,../../projects/well_engineered_projects/Adlik/benchmark/tests/test_model/mnist_pytorch/mnist_pytorch.py,33,1
Adlik,e8cd044c48bee405914d9c9dae42528775eb632e,../../projects/well_engineered_projects/Adlik/benchmark/tests/test_automatic_test.py,13,1
Adlik,e8cd044c48bee405914d9c9dae42528775eb632e,../../projects/well_engineered_projects/Adlik/benchmark/tests/test_model/mnist_pytorch/mnist_pytorch.py,33,1
Adlik,132aa7803744b9e625247988b88baad9ff32ad1b,../../projects/well_engineered_projects/Adlik/benchmark/tests/test_automatic_test.py,13,1
Adlik,132aa7803744b9e625247988b88baad9ff32ad1b,../../projects/well_engineered_projects/Adlik/benchmark/tests/test_model/mnist_pytorch/mnist_pytorch.py,33,1
Adlik,21f0b39fc0df7f13d8701cb3c665b2e88cfe35b7,../../projects/well_engineered_projects/Adlik/benchmark/tests/test_automatic_test.py,13,1
Adlik,21f0b39fc0df7f13d8701cb3c665b2e88cfe35b7,../../projects/well_engineered_projects/Adlik/benchmark/tests/test_model/mnist_pytorch/mnist_pytorch.py,33,1
Adlik,42139d0f64eb3e6122d22534a0e2a355632e90d2,../../projects/well_engineered_projects/Adlik/benchmark/tests/test_automatic_test.py,13,1
Adlik,42139d0f64eb3e6122d22534a0e2a355632e90d2,../../projects/well_engineered_projects/Adlik/benchmark/tests/test_model/mnist_pytorch/mnist_pytorch.py,33,1
Adlik,95a0697c4693a98d1dca3179541e6a0c57b57ba8,../../projects/well_engineered_projects/Adlik/benchmark/tests/test_automatic_test.py,13,1
Adlik,95a0697c4693a98d1dca3179541e6a0c57b57ba8,../../projects/well_engineered_projects/Adlik/benchmark/tests/test_model/mnist_pytorch/mnist_pytorch.py,33,1
Adlik,da1732ffdb9c7815df83f74aa343226173a547c5,../../projects/well_engineered_projects/Adlik/benchmark/tests/test_automatic_test.py,13,1
Adlik,da1732ffdb9c7815df83f74aa343226173a547c5,../../projects/well_engineered_projects/Adlik/benchmark/tests/test_model/mnist_pytorch/mnist_pytorch.py,33,1
Adlik,381d07f75b7376fecf8d2dcb73332d7352119832,../../projects/well_engineered_projects/Adlik/benchmark/tests/test_automatic_test.py,13,1
Adlik,381d07f75b7376fecf8d2dcb73332d7352119832,../../projects/well_engineered_projects/Adlik/benchmark/tests/test_model/mnist_pytorch/mnist_pytorch.py,33,1
Adlik,e3eff1383d65002479a64b4a151c001235e30a5d,../../projects/well_engineered_projects/Adlik/benchmark/tests/test_automatic_test.py,13,1
Adlik,e3eff1383d65002479a64b4a151c001235e30a5d,../../projects/well_engineered_projects/Adlik/benchmark/tests/test_model/mnist_pytorch/mnist_pytorch.py,33,1
Adlik,fcf542bad8bf7e1e2fb0fe5e292fbf1389450dc4,../../projects/well_engineered_projects/Adlik/benchmark/tests/test_automatic_test.py,13,1
Adlik,fcf542bad8bf7e1e2fb0fe5e292fbf1389450dc4,../../projects/well_engineered_projects/Adlik/benchmark/tests/test_model/mnist_pytorch/mnist_pytorch.py,33,1
Adlik,a4c955a32369bda691b1502c58ed5c929dabd75e,../../projects/well_engineered_projects/Adlik/benchmark/tests/test_automatic_test.py,13,1
Adlik,a4c955a32369bda691b1502c58ed5c929dabd75e,../../projects/well_engineered_projects/Adlik/benchmark/tests/test_model/mnist_pytorch/mnist_pytorch.py,33,1
Adlik,7d4182c4930ffa82f41a4c7df7751b355682d806,../../projects/well_engineered_projects/Adlik/benchmark/tests/test_automatic_test.py,13,1
Adlik,7d4182c4930ffa82f41a4c7df7751b355682d806,../../projects/well_engineered_projects/Adlik/benchmark/tests/test_model/mnist_pytorch/mnist_pytorch.py,33,1
Adlik,768af17f9619c07d76dfdb8aecc1419329ee44c2,../../projects/well_engineered_projects/Adlik/benchmark/tests/test_automatic_test.py,13,1
Adlik,768af17f9619c07d76dfdb8aecc1419329ee44c2,../../projects/well_engineered_projects/Adlik/benchmark/tests/test_model/mnist_pytorch/mnist_pytorch.py,33,1
Adlik,f68911f8989db1af597a068f55bccd9371b3a571,../../projects/well_engineered_projects/Adlik/benchmark/tests/test_automatic_test.py,13,1
Adlik,f68911f8989db1af597a068f55bccd9371b3a571,../../projects/well_engineered_projects/Adlik/benchmark/tests/test_model/mnist_pytorch/mnist_pytorch.py,33,1
Adlik,9346ba2bfb509deee9ccd71ebac2dba82c2d9ba6,../../projects/well_engineered_projects/Adlik/benchmark/tests/test_automatic_test.py,13,1
Adlik,9346ba2bfb509deee9ccd71ebac2dba82c2d9ba6,../../projects/well_engineered_projects/Adlik/benchmark/tests/test_model/mnist_pytorch/mnist_pytorch.py,33,1
Adlik,ffbd006e78f71058b66174c334cfb4ecd46d977e,../../projects/well_engineered_projects/Adlik/benchmark/tests/test_automatic_test.py,13,1
Adlik,ffbd006e78f71058b66174c334cfb4ecd46d977e,../../projects/well_engineered_projects/Adlik/benchmark/tests/test_model/mnist_pytorch/mnist_pytorch.py,33,1
Adlik,ae5aa20fcfd417839a43f53d51617e387a0eae42,../../projects/well_engineered_projects/Adlik/benchmark/tests/test_automatic_test.py,13,1
Adlik,ae5aa20fcfd417839a43f53d51617e387a0eae42,../../projects/well_engineered_projects/Adlik/benchmark/tests/test_model/mnist_pytorch/mnist_pytorch.py,33,1
Adlik,9f3758406f46c056a6041fa2eb593c495af9117a,../../projects/well_engineered_projects/Adlik/benchmark/tests/test_automatic_test.py,13,1
Adlik,9f3758406f46c056a6041fa2eb593c495af9117a,../../projects/well_engineered_projects/Adlik/benchmark/tests/test_model/mnist_pytorch/mnist_pytorch.py,33,1
Adlik,9ec1d3a96d6ff69a7bd85c946b41ec3a85779e0e,../../projects/well_engineered_projects/Adlik/benchmark/tests/test_automatic_test.py,13,1
Adlik,9ec1d3a96d6ff69a7bd85c946b41ec3a85779e0e,../../projects/well_engineered_projects/Adlik/benchmark/tests/test_model/mnist_pytorch/mnist_pytorch.py,33,1
Adlik,3971f5921d575006450639f4aac3b81cd1243554,../../projects/well_engineered_projects/Adlik/benchmark/tests/test_automatic_test.py,13,1
Adlik,3971f5921d575006450639f4aac3b81cd1243554,../../projects/well_engineered_projects/Adlik/benchmark/tests/test_model/mnist_pytorch/mnist_pytorch.py,33,1
Adlik,8adc1f64990acf323d6b01d11633d93dceec3fd7,../../projects/well_engineered_projects/Adlik/benchmark/tests/test_automatic_test.py,13,1
Adlik,8adc1f64990acf323d6b01d11633d93dceec3fd7,../../projects/well_engineered_projects/Adlik/benchmark/tests/test_model/mnist_pytorch/mnist_pytorch.py,33,1
Adlik,6ce388f2dba891372c36cfce664ec210dbd6a215,../../projects/well_engineered_projects/Adlik/benchmark/tests/test_automatic_test.py,13,1
Adlik,6ce388f2dba891372c36cfce664ec210dbd6a215,../../projects/well_engineered_projects/Adlik/benchmark/tests/test_model/mnist_pytorch/mnist_pytorch.py,33,1
Adlik,85a7da0ac8a6526e109a7b8f4cc7994ac98e50f5,../../projects/well_engineered_projects/Adlik/benchmark/tests/test_automatic_test.py,13,1
Adlik,85a7da0ac8a6526e109a7b8f4cc7994ac98e50f5,../../projects/well_engineered_projects/Adlik/benchmark/tests/test_model/mnist_pytorch/mnist_pytorch.py,33,1
Adlik,08bdc6ae4dc29930c67e359ed42d7dd8fbccf5f3,../../projects/well_engineered_projects/Adlik/benchmark/tests/test_automatic_test.py,13,1
Adlik,08bdc6ae4dc29930c67e359ed42d7dd8fbccf5f3,../../projects/well_engineered_projects/Adlik/benchmark/tests/test_model/mnist_pytorch/mnist_pytorch.py,33,1
Adlik,34e436aa61100ee3898db51db224433e8c4db3c1,../../projects/well_engineered_projects/Adlik/benchmark/tests/test_automatic_test.py,13,1
Adlik,34e436aa61100ee3898db51db224433e8c4db3c1,../../projects/well_engineered_projects/Adlik/benchmark/tests/test_model/mnist_pytorch/mnist_pytorch.py,33,1
Adlik,d85cfacd6599eb59641e4f9095acebd93d517933,../../projects/well_engineered_projects/Adlik/benchmark/tests/test_automatic_test.py,13,1
Adlik,d85cfacd6599eb59641e4f9095acebd93d517933,../../projects/well_engineered_projects/Adlik/benchmark/tests/test_model/mnist_pytorch/mnist_pytorch.py,33,1
Adlik,27294f0b2247c09ced2d3269d2626ad58fa35ddd,../../projects/well_engineered_projects/Adlik/benchmark/tests/test_automatic_test.py,13,1
Adlik,27294f0b2247c09ced2d3269d2626ad58fa35ddd,../../projects/well_engineered_projects/Adlik/benchmark/tests/test_model/mnist_pytorch/mnist_pytorch.py,33,1
Adlik,48d10e399717eac5154b7e412c0b0cbc3c723c03,../../projects/well_engineered_projects/Adlik/benchmark/tests/test_automatic_test.py,13,1
Adlik,48d10e399717eac5154b7e412c0b0cbc3c723c03,../../projects/well_engineered_projects/Adlik/benchmark/tests/test_model/mnist_pytorch/mnist_pytorch.py,33,1
Adlik,922745174392b0a70b7ddc9e91fdd22325a1006b,../../projects/well_engineered_projects/Adlik/benchmark/tests/test_automatic_test.py,13,1
Adlik,922745174392b0a70b7ddc9e91fdd22325a1006b,../../projects/well_engineered_projects/Adlik/benchmark/tests/test_model/mnist_pytorch/mnist_pytorch.py,33,1
Adlik,89d43f1b2874ebb7321667b76a9fb79ca770ab32,../../projects/well_engineered_projects/Adlik/benchmark/tests/test_automatic_test.py,13,1
Adlik,89d43f1b2874ebb7321667b76a9fb79ca770ab32,../../projects/well_engineered_projects/Adlik/benchmark/tests/test_model/mnist_pytorch/mnist_pytorch.py,33,1
Adlik,e79c81f269f8d6e07df8b95ca6124fa4c6782e23,../../projects/well_engineered_projects/Adlik/benchmark/tests/test_automatic_test.py,13,1
Adlik,e79c81f269f8d6e07df8b95ca6124fa4c6782e23,../../projects/well_engineered_projects/Adlik/benchmark/tests/test_model/mnist_pytorch/mnist_pytorch.py,33,1
Adlik,9684a31568ffc2c648cece712b40fdd4e742d1aa,../../projects/well_engineered_projects/Adlik/benchmark/tests/test_automatic_test.py,13,1
Adlik,9684a31568ffc2c648cece712b40fdd4e742d1aa,../../projects/well_engineered_projects/Adlik/benchmark/tests/test_model/mnist_pytorch/mnist_pytorch.py,33,1
Adlik,fe89f1e342314b4fd86c91e1ce639de537e27a94,../../projects/well_engineered_projects/Adlik/benchmark/tests/test_automatic_test.py,13,1
Adlik,fe89f1e342314b4fd86c91e1ce639de537e27a94,../../projects/well_engineered_projects/Adlik/benchmark/tests/test_model/mnist_pytorch/mnist_pytorch.py,33,1
Adlik,f3dbcd458c5e44decb179b8ad671cc7f2f1a9c99,../../projects/well_engineered_projects/Adlik/benchmark/tests/test_automatic_test.py,13,1
Adlik,f3dbcd458c5e44decb179b8ad671cc7f2f1a9c99,../../projects/well_engineered_projects/Adlik/benchmark/tests/test_model/mnist_pytorch/mnist_pytorch.py,33,1
Adlik,e0b028e629fa7a1852dec957cdcc019192e414be,../../projects/well_engineered_projects/Adlik/benchmark/tests/test_automatic_test.py,13,1
Adlik,e0b028e629fa7a1852dec957cdcc019192e414be,../../projects/well_engineered_projects/Adlik/benchmark/tests/test_model/mnist_pytorch/mnist_pytorch.py,33,1
Adlik,b07540e4cad83e9f7a7c6d1f1683016830b8d39f,../../projects/well_engineered_projects/Adlik/benchmark/tests/test_automatic_test.py,13,1
Adlik,b07540e4cad83e9f7a7c6d1f1683016830b8d39f,../../projects/well_engineered_projects/Adlik/benchmark/tests/test_model/mnist_pytorch/mnist_pytorch.py,33,1
Adlik,3c8c29ba80fe2dfc480cea7eb42b73cccbbf6709,../../projects/well_engineered_projects/Adlik/benchmark/tests/test_automatic_test.py,13,1
Adlik,3c8c29ba80fe2dfc480cea7eb42b73cccbbf6709,../../projects/well_engineered_projects/Adlik/benchmark/tests/test_model/mnist_pytorch/mnist_pytorch.py,33,1
Adlik,3859b18764227637ff0ad67a6c579076180acead,../../projects/well_engineered_projects/Adlik/benchmark/tests/test_automatic_test.py,13,1
Adlik,3859b18764227637ff0ad67a6c579076180acead,../../projects/well_engineered_projects/Adlik/benchmark/tests/test_model/mnist_pytorch/mnist_pytorch.py,33,1
Adlik,f6baca391f152aa3e89096553a13dc9534f86aa5,../../projects/well_engineered_projects/Adlik/benchmark/tests/test_automatic_test.py,13,1
Adlik,f6baca391f152aa3e89096553a13dc9534f86aa5,../../projects/well_engineered_projects/Adlik/benchmark/tests/test_model/mnist_pytorch/mnist_pytorch.py,33,1
Adlik,d7d422146f2e803f8b4e896b5a7fbf28c01e26f7,../../projects/well_engineered_projects/Adlik/benchmark/tests/test_automatic_test.py,13,1
Adlik,d7d422146f2e803f8b4e896b5a7fbf28c01e26f7,../../projects/well_engineered_projects/Adlik/benchmark/tests/test_model/mnist_pytorch/mnist_pytorch.py,33,1
Adlik,21727be61bce7e11f791bfe0cc056b2b780d7f65,../../projects/well_engineered_projects/Adlik/benchmark/tests/test_automatic_test.py,13,1
Adlik,21727be61bce7e11f791bfe0cc056b2b780d7f65,../../projects/well_engineered_projects/Adlik/benchmark/tests/test_model/mnist_pytorch/mnist_pytorch.py,33,1
Adlik,217cc8c1e980a80592676ebd887ef29f49128901,../../projects/well_engineered_projects/Adlik/benchmark/tests/test_automatic_test.py,13,1
Adlik,217cc8c1e980a80592676ebd887ef29f49128901,../../projects/well_engineered_projects/Adlik/benchmark/tests/test_model/mnist_pytorch/mnist_pytorch.py,33,1
Adlik,38f245c06efd01e8fd9f24943a3ca674ba1c8cd3,../../projects/well_engineered_projects/Adlik/benchmark/tests/test_automatic_test.py,13,1
Adlik,38f245c06efd01e8fd9f24943a3ca674ba1c8cd3,../../projects/well_engineered_projects/Adlik/benchmark/tests/test_model/mnist_pytorch/mnist_pytorch.py,33,1
Adlik,cefac3ed21b8a4b662d3dea391ff0576313ca8e9,../../projects/well_engineered_projects/Adlik/benchmark/tests/test_automatic_test.py,13,1
Adlik,cefac3ed21b8a4b662d3dea391ff0576313ca8e9,../../projects/well_engineered_projects/Adlik/benchmark/tests/test_model/mnist_pytorch/mnist_pytorch.py,33,1
Adlik,7ae8b6c461275580f338fb97222866bb7a8fa510,../../projects/well_engineered_projects/Adlik/benchmark/tests/test_automatic_test.py,13,1
Adlik,7ae8b6c461275580f338fb97222866bb7a8fa510,../../projects/well_engineered_projects/Adlik/benchmark/tests/test_model/mnist_pytorch/mnist_pytorch.py,33,1
Adlik,14eec2e8c490e6d48c2e005e3b5f2bc8fd41ac83,../../projects/well_engineered_projects/Adlik/benchmark/tests/test_automatic_test.py,13,1
Adlik,14eec2e8c490e6d48c2e005e3b5f2bc8fd41ac83,../../projects/well_engineered_projects/Adlik/benchmark/tests/test_model/mnist_pytorch/mnist_pytorch.py,33,1
Adlik,3a175b5b13dbfc93ec6ef48bc60fad1dc6aa94ed,../../projects/well_engineered_projects/Adlik/benchmark/tests/test_automatic_test.py,13,1
Adlik,3a175b5b13dbfc93ec6ef48bc60fad1dc6aa94ed,../../projects/well_engineered_projects/Adlik/benchmark/tests/test_model/mnist_pytorch/mnist_pytorch.py,33,1
Adlik,435eddd5a70d835f5f920135993400965db18c09,../../projects/well_engineered_projects/Adlik/benchmark/tests/test_automatic_test.py,13,1
Adlik,435eddd5a70d835f5f920135993400965db18c09,../../projects/well_engineered_projects/Adlik/benchmark/tests/test_model/mnist_pytorch/mnist_pytorch.py,33,1
Adlik,9439b765cd677aebbf8644d9faf15678e10608d4,../../projects/well_engineered_projects/Adlik/benchmark/tests/test_automatic_test.py,13,1
Adlik,9439b765cd677aebbf8644d9faf15678e10608d4,../../projects/well_engineered_projects/Adlik/benchmark/tests/test_model/mnist_pytorch/mnist_pytorch.py,33,1
Adlik,6c40a99f517fe199d40021d3c119502702b6accc,../../projects/well_engineered_projects/Adlik/benchmark/tests/test_automatic_test.py,13,1
Adlik,6c40a99f517fe199d40021d3c119502702b6accc,../../projects/well_engineered_projects/Adlik/benchmark/tests/test_model/mnist_pytorch/mnist_pytorch.py,33,1
Adlik,2c39677aa8aed65a9572a8a9bce05e92931a4fff,../../projects/well_engineered_projects/Adlik/benchmark/tests/test_automatic_test.py,13,1
Adlik,2c39677aa8aed65a9572a8a9bce05e92931a4fff,../../projects/well_engineered_projects/Adlik/benchmark/tests/test_model/mnist_pytorch/mnist_pytorch.py,33,1
Adlik,b884ffbda68b16f050fb02f7158e6106366f244e,../../projects/well_engineered_projects/Adlik/benchmark/tests/test_automatic_test.py,13,1
Adlik,b884ffbda68b16f050fb02f7158e6106366f244e,../../projects/well_engineered_projects/Adlik/benchmark/tests/test_model/mnist_pytorch/mnist_pytorch.py,33,1
Adlik,384a32c077d72ce1fb1768f4451ad817f466c22f,../../projects/well_engineered_projects/Adlik/benchmark/tests/test_automatic_test.py,13,1
Adlik,384a32c077d72ce1fb1768f4451ad817f466c22f,../../projects/well_engineered_projects/Adlik/benchmark/tests/test_model/mnist_pytorch/mnist_pytorch.py,33,1
Adlik,1e1f474974afb510a4e79d9e16690154b2929e5a,../../projects/well_engineered_projects/Adlik/benchmark/tests/test_automatic_test.py,13,1
Adlik,919be5d37f4b462c84723a50e5d417181dab7ca5,../../projects/well_engineered_projects/Adlik/benchmark/tests/test_automatic_test.py,13,1
Adlik,a3f941069f406b3b7f7be0b3f2e1b5f44dbf9404,../../projects/well_engineered_projects/Adlik/benchmark/tests/test_automatic_test.py,13,1
Adlik,9ad982e7f0282cd19027858f80f458b71f168b05,../../projects/well_engineered_projects/Adlik/benchmark/tests/test_automatic_test.py,13,1
Adlik,7e10a94308235fa7fe7d8ff597aab9900054fdb5,../../projects/well_engineered_projects/Adlik/benchmark/tests/test_automatic_test.py,13,1
Adlik,651f004e78f0ab74c6ded26c0aa01b23cdee5446,../../projects/well_engineered_projects/Adlik/benchmark/tests/test_automatic_test.py,13,1
Adlik,4b41085395778247f592c3db0dfca787ef777780,../../projects/well_engineered_projects/Adlik/benchmark/tests/test_automatic_test.py,13,1
Adlik,f9be5719dec8905ee39f971062966153fbdc99ed,../../projects/well_engineered_projects/Adlik/benchmark/tests/test_automatic_test.py,13,1
Adlik,410478d609643256fd4ac10cb39e0e13f284c227,../../projects/well_engineered_projects/Adlik/benchmark/tests/test_automatic_test.py,13,1
Adlik,59f2869c89aaf9041be556cacf6c1c03811f99fd,../../projects/well_engineered_projects/Adlik/benchmark/tests/test_automatic_test.py,13,1
Adlik,9aaa1406605892b1ac5c1442c09f5fca69a342af,../../projects/well_engineered_projects/Adlik/benchmark/tests/test_automatic_test.py,13,1
Adlik,d935296a7707a58d077f2892a37f5e2eb4a2d0b9,../../projects/well_engineered_projects/Adlik/benchmark/tests/test_automatic_test.py,13,1
Adlik,66db01acab95dd3642d90f746ea386bd56f04e61,../../projects/well_engineered_projects/Adlik/benchmark/tests/test_automatic_test.py,13,1
Adlik,85df7b6f0df60070f24490aedfbe3902baa50f7c,../../projects/well_engineered_projects/Adlik/benchmark/tests/test_automatic_test.py,13,1
Adlik,7c58defd8e25756583e698ef5e30cd83cc8f0110,../../projects/well_engineered_projects/Adlik/benchmark/tests/test_automatic_test.py,13,1
Adlik,88cce58e6e39f99ffdd097d8ad2e9c290c650c5a,../../projects/well_engineered_projects/Adlik/benchmark/tests/test_automatic_test.py,13,1
Adlik,1d289eabce1777b4a4107166d5df3a3714ba2099,../../projects/well_engineered_projects/Adlik/benchmark/tests/test_automatic_test.py,13,1
Adlik,a3b8eb3f2b99f682959f562121baa478da6188ae,../../projects/well_engineered_projects/Adlik/benchmark/tests/test_automatic_test.py,13,1
Adlik,00992ecc654e3397bad72cc1e5145810b5dd2912,../../projects/well_engineered_projects/Adlik/benchmark/tests/test_automatic_test.py,13,1
Adlik,55c077e670d24e8257074d4efaa38e241d923b78,../../projects/well_engineered_projects/Adlik/benchmark/tests/test_automatic_test.py,13,1
Adlik,ee3255f8c30ef04e4596e6ef01f1b55711072b92,../../projects/well_engineered_projects/Adlik/benchmark/tests/test_automatic_test.py,13,1
Adlik,56c232249816598fd9208b6aaa08feeda31964a0,../../projects/well_engineered_projects/Adlik/benchmark/tests/test_automatic_test.py,13,1
Adlik,58c4f0be8516518734a3620cebcb566df8a0fec4,../../projects/well_engineered_projects/Adlik/benchmark/tests/test_automatic_test.py,13,1
Adlik,ec89dd007084a36431a2659efc0e54aac56f60c3,../../projects/well_engineered_projects/Adlik/benchmark/tests/test_automatic_test.py,13,1
Adlik,55b3868be2b8cb07d5e8b8c700ce641e45db2158,../../projects/well_engineered_projects/Adlik/benchmark/tests/test_automatic_test.py,13,1
Adlik,df9745d28271bf175098bc17b23a11d95a709668,../../projects/well_engineered_projects/Adlik/benchmark/tests/test_automatic_test.py,13,1
Adlik,fa2cd4160115d69734350cc44926dc686d582f91,../../projects/well_engineered_projects/Adlik/benchmark/tests/test_automatic_test.py,13,1
Adlik,565c0b074ae8afb7e72a4df76a48cd023c3d01b6,../../projects/well_engineered_projects/Adlik/benchmark/tests/test_automatic_test.py,13,1
Adlik,e3c1a746df3a000f984038bc79b925d6811128c4,../../projects/well_engineered_projects/Adlik/benchmark/tests/test_automatic_test.py,13,1
Adlik,2469ccadb6c06b66f5f866bca08a2ceab245f4ff,../../projects/well_engineered_projects/Adlik/benchmark/tests/test_automatic_test.py,13,1
Adlik,a179412185dc988c70370a0525e85a7266f39d9a,../../projects/well_engineered_projects/Adlik/benchmark/tests/test_automatic_test.py,13,1
Adlik,9bd86afe5b090718e3efe4a598dfacd8f0493d53,../../projects/well_engineered_projects/Adlik/benchmark/tests/test_automatic_test.py,13,1
Adlik,68a1b039d6a2eb0530954bff450e60a4598db6e9,../../projects/well_engineered_projects/Adlik/benchmark/tests/test_automatic_test.py,13,1
Adlik,89c31f875d0644aed3196ec0c023c0ebfeb37a9b,../../projects/well_engineered_projects/Adlik/benchmark/tests/test_automatic_test.py,13,1
Adlik,517a4a499d1e8fe1545b57ae093a2f79ac0f6bdb,../../projects/well_engineered_projects/Adlik/benchmark/tests/test_automatic_test.py,13,1
Adlik,3c72a75ab4d74a40e157fc64071b083d85367012,../../projects/well_engineered_projects/Adlik/benchmark/tests/test_automatic_test.py,13,1
Adlik,6919547f5e8c046617b5abbf3a812a0efa46359e,../../projects/well_engineered_projects/Adlik/benchmark/tests/test_automatic_test.py,13,1
Adlik,be9a2214c0fe34fef054bfe833ae171817bc340c,../../projects/well_engineered_projects/Adlik/benchmark/tests/test_automatic_test.py,13,1
Adlik,83119bfaf1cf643910b988ef7e049344e7ac58b8,../../projects/well_engineered_projects/Adlik/benchmark/tests/test_automatic_test.py,13,1
Adlik,0743e6236f11b12e18f1b415ee4e35d41df884b7,../../projects/well_engineered_projects/Adlik/benchmark/tests/test_automatic_test.py,13,1
Adlik,2ab8adcd632149756d10c802f4c49e0e19325a0d,../../projects/well_engineered_projects/Adlik/benchmark/tests/test_automatic_test.py,13,1
Adlik,4adcc6db13e68cbde6119100ddcc14b29406119a,../../projects/well_engineered_projects/Adlik/benchmark/tests/test_automatic_test.py,13,1
Adlik,24ff21c5a2ea8bec04c621f0a15fd11a8fce4ddd,../../projects/well_engineered_projects/Adlik/benchmark/tests/test_automatic_test.py,13,1
Adlik,69320864ec58ec09a10b62e0594ffe631f3e7335,../../projects/well_engineered_projects/Adlik/benchmark/tests/test_automatic_test.py,13,1
Adlik,b8c2f030b5c85ea3695c4c2336018fe18e4eb2da,../../projects/well_engineered_projects/Adlik/benchmark/tests/test_automatic_test.py,13,1
Adlik,11512470e9f3a3f293d86e84ffaddbfa91f8ecf2,../../projects/well_engineered_projects/Adlik/benchmark/tests/test_automatic_test.py,13,1
Adlik,1547dc867b769f1595b4b2151fc6021faa29a3b7,../../projects/well_engineered_projects/Adlik/benchmark/tests/test_automatic_test.py,13,1
Adlik,19f7b14c0de719acd9e47f99a290f5422f173aa7,../../projects/well_engineered_projects/Adlik/benchmark/tests/test_automatic_test.py,13,1
Adlik,f84669311c396c9748ff7f1835be2122373c17ab,../../projects/well_engineered_projects/Adlik/benchmark/tests/test_automatic_test.py,13,1
Adlik,18b2e45e687c5ecee7049057d1fde438940e27b6,../../projects/well_engineered_projects/Adlik/benchmark/tests/test_automatic_test.py,13,1
Adlik,03161d6ce6b0de043ba933e097cef522a017afa0,../../projects/well_engineered_projects/Adlik/benchmark/tests/test_automatic_test.py,13,1
Adlik,7204c417700ccdfcc77dd9eaa12e0fa237d51248,../../projects/well_engineered_projects/Adlik/benchmark/tests/test_automatic_test.py,13,1
Adlik,cdacfe32a38742ef3159b56e3ac9146ee010d3e3,../../projects/well_engineered_projects/Adlik/benchmark/tests/test_automatic_test.py,13,1
Adlik,56bebd3f47a81449576dca835c64a90013997d1e,../../projects/well_engineered_projects/Adlik/benchmark/tests/test_automatic_test.py,13,1
Adlik,92b5f7364aa9901fdee723be3325d290de924634,../../projects/well_engineered_projects/Adlik/benchmark/tests/test_automatic_test.py,13,1
Adlik,c759b477fde72f7419030900f17a8104f4f76802,../../projects/well_engineered_projects/Adlik/benchmark/tests/test_automatic_test.py,13,1
Adlik,1328b3f74f3d604834bc98b7cd984ddd40a36e84,../../projects/well_engineered_projects/Adlik/benchmark/tests/test_automatic_test.py,13,1
Adlik,9deb11112b98194ab7718f55d8c43755f6431f81,../../projects/well_engineered_projects/Adlik/benchmark/tests/test_automatic_test.py,13,1
Adlik,cf9a8bba0b0d76ef7d4df216c7cdcb92b759c6f2,../../projects/well_engineered_projects/Adlik/benchmark/tests/test_automatic_test.py,13,1
Adlik,7add57d7da3b53d24b5a1b8ee88a8affe6dd1875,../../projects/well_engineered_projects/Adlik/benchmark/tests/test_automatic_test.py,13,1
Adlik,4ab2a469b980ff8e08c7cbe0deb92791820d9c4d,../../projects/well_engineered_projects/Adlik/benchmark/tests/test_automatic_test.py,13,1
Adlik,cca4829b13115244ca71e6c32d0b9a148d3ab57b,../../projects/well_engineered_projects/Adlik/benchmark/tests/test_automatic_test.py,13,1
Adlik,353e217845ec187de827c41870986882c71464e5,../../projects/well_engineered_projects/Adlik/benchmark/tests/test_automatic_test.py,13,1
Adlik,b857395d56f3a7c894da6a120628bed4de479cd6,../../projects/well_engineered_projects/Adlik/benchmark/tests/test_automatic_test.py,13,1
Adlik,9380b737e776f758ba18d788a47e2da4f3f93f58,../../projects/well_engineered_projects/Adlik/benchmark/tests/test_automatic_test.py,13,1
Adlik,09519e080a876793bf3f04de1077ffd56c0638ad,../../projects/well_engineered_projects/Adlik/benchmark/tests/test_automatic_test.py,13,1
Adlik,fe2c3ae813d454a0c934ddc748a049bc88623d56,../../projects/well_engineered_projects/Adlik/benchmark/tests/test_automatic_test.py,13,1
Adlik,83478a2a00b8b96217c145aa46de43a544f6ce68,../../projects/well_engineered_projects/Adlik/benchmark/tests/test_automatic_test.py,13,1
Adlik,7ba76f0d86a7b5af094844bebaed516e8f301675,../../projects/well_engineered_projects/Adlik/benchmark/tests/test_automatic_test.py,13,1
Adlik,dfe0a69f7b34814d400f1fc094308cd0f59d486a,../../projects/well_engineered_projects/Adlik/benchmark/tests/test_automatic_test.py,13,1
Adlik,bbf77f5f2a5deab3be107b65c13059b70587e6cb,../../projects/well_engineered_projects/Adlik/benchmark/tests/test_automatic_test.py,13,1
Adlik,fb3ef15e4b7679853534b9bdab0b1af58991a409,../../projects/well_engineered_projects/Adlik/benchmark/tests/test_automatic_test.py,13,1
Adlik,afbbc3526f775e7500a90c2303141748441e732e,../../projects/well_engineered_projects/Adlik/benchmark/tests/test_automatic_test.py,13,1
Adlik,e7bf465988682b91c8ed719f512bf3891669ea93,../../projects/well_engineered_projects/Adlik/benchmark/tests/test_automatic_test.py,13,1
Adlik,45cd527ae6245b402d11b96cd2de0d6ce3f6c29f,../../projects/well_engineered_projects/Adlik/benchmark/tests/test_automatic_test.py,13,1
Adlik,e07b83c0486df8b6775bd9bff44e18cb8acd64e2,../../projects/well_engineered_projects/Adlik/benchmark/tests/test_automatic_test.py,13,1
Adlik,3423ba4a6e65d3727151285e7e943db96b737cea,../../projects/well_engineered_projects/Adlik/benchmark/tests/test_automatic_test.py,13,1
Adlik,fb930f32e54ddb2c86e087a3f33d12073feffc01,../../projects/well_engineered_projects/Adlik/benchmark/tests/test_automatic_test.py,13,1
Adlik,3f0986a5155a01afedd7a23d5c6b58c49edaf648,../../projects/well_engineered_projects/Adlik/benchmark/tests/test_automatic_test.py,13,1
Adlik,6dff1670f262d415cd502ddac018608141c24379,../../projects/well_engineered_projects/Adlik/benchmark/tests/test_automatic_test.py,13,1
Adlik,f382cf73e5c903196198b461479dd15e817d2e2f,../../projects/well_engineered_projects/Adlik/benchmark/tests/test_automatic_test.py,13,1
Adlik,732fc63ebff9e8a347450be332957ba75a559fc3,../../projects/well_engineered_projects/Adlik/benchmark/tests/test_automatic_test.py,13,1
Adlik,5583439ce63d371b14e86f3203eb685d873ea484,../../projects/well_engineered_projects/Adlik/benchmark/tests/test_automatic_test.py,13,1
Adlik,18cade116865ec4715a0d7da51a3e3eb0849ccef,../../projects/well_engineered_projects/Adlik/benchmark/tests/test_automatic_test.py,13,1
Adlik,9ba353a46710a8a0cad0f9f829f7db5910af75a9,../../projects/well_engineered_projects/Adlik/benchmark/tests/test_automatic_test.py,13,1
Adlik,34360300cf6a122eccda031d2d42b8c9657ad01c,../../projects/well_engineered_projects/Adlik/benchmark/tests/test_automatic_test.py,13,1
Adlik,218eb4d07b78bcc54e6859b48dcfb2d57e1955b9,../../projects/well_engineered_projects/Adlik/benchmark/tests/test_automatic_test.py,13,1
Adlik,01b8e7ff9523972f4e0431b30a9d66b00eb95c93,../../projects/well_engineered_projects/Adlik/benchmark/tests/test_automatic_test.py,13,1
Adlik,d04395aa6d231da9f5ea522ec6ffd6a8b505a668,../../projects/well_engineered_projects/Adlik/benchmark/tests/test_automatic_test.py,13,1
Adlik,de18b26b0652a8215eaf025d1b9b5d0c0f7006fc,../../projects/well_engineered_projects/Adlik/benchmark/tests/test_automatic_test.py,13,1
Adlik,6ce00c6171b9a8a54c45c3d4e8d3404f8efb2462,../../projects/well_engineered_projects/Adlik/benchmark/tests/test_automatic_test.py,13,1
Adlik,50f732f974ac58189bae301eb110f5fe84cb0496,../../projects/well_engineered_projects/Adlik/benchmark/tests/test_automatic_test.py,13,1
Adlik,2a56b6157cd6304fabadd6d3b4fe9eaeb7311917,../../projects/well_engineered_projects/Adlik/benchmark/tests/test_automatic_test.py,13,1
Adlik,dac19ca1befa018ee9a481b0602a93251ee0fae2,../../projects/well_engineered_projects/Adlik/benchmark/tests/test_automatic_test.py,13,1
Adlik,adf46b01ff6798a134b3a62256463106d1d2df2a,../../projects/well_engineered_projects/Adlik/benchmark/tests/test_automatic_test.py,13,1
Adlik,f1dc5c881ee273232734eda49d15735b195d6ce1,../../projects/well_engineered_projects/Adlik/benchmark/tests/test_automatic_test.py,13,1
Adlik,70ed4c905a6da66e1e361d00e9c6e9afd171d6ce,../../projects/well_engineered_projects/Adlik/benchmark/tests/test_automatic_test.py,13,1
Adlik,665f55f3d281e2fc0ef1d06da319d5e5ddff4069,../../projects/well_engineered_projects/Adlik/benchmark/tests/test_automatic_test.py,13,1
Adlik,4baf38dd6bb01ec739af7886790a72ca4e9d3667,../../projects/well_engineered_projects/Adlik/benchmark/tests/test_automatic_test.py,13,1
Adlik,ca997097add017632e20ea8d3cf91f0d00c01845,../../projects/well_engineered_projects/Adlik/benchmark/tests/test_automatic_test.py,13,1
                                                                                                                                                                                                                                                                                                                                                     Adlik,69e77c5035f6e40aced0030c9347c2eb517a8b06,../../projects/well_engineered_projects/Adlik/benchmark/tests/test_automatic_test.py,13,1
Adlik,5da3b926f6758b406a3a0dd13f1414867373b369,../../projects/well_engineered_projects/Adlik/benchmark/tests/test_automatic_test.py,13,1
Adlik,6e1d94a3b50f531f0b41d1d3c994121796b32437,../../projects/well_engineered_projects/Adlik/benchmark/tests/test_automatic_test.py,13,1
Adlik,fb31f6fb2150e551c582ce4279cf53f9e938a214,../../projects/well_engineered_projects/Adlik/benchmark/tests/test_automatic_test.py,13,1
Adlik,12821f92c54b5fcea532be41edb13d80ad27519b,../../projects/well_engineered_projects/Adlik/benchmark/tests/test_automatic_test.py,13,1
Adlik,7a4535b7bb05aa4bc9aa5c8c6bde76ccd416ab08,../../projects/well_engineered_projects/Adlik/benchmark/tests/test_automatic_test.py,13,1
Adlik,271f36b230a3a01b2cdfca5c5713bd83ddb9ea6c,../../projects/well_engineered_projects/Adlik/benchmark/tests/test_automatic_test.py,13,1
Adlik,e19f38166d14117b1ed55524f51c4b0c7da4e5a6,../../projects/well_engineered_projects/Adlik/benchmark/tests/test_automatic_test.py,13,1
Adlik,a2c46524e8c864319378f48a62389115df78c94a,../../projects/well_engineered_projects/Adlik/benchmark/tests/test_automatic_test.py,13,1
Adlik,18971d973bc7de53b2a7df95c6497bde9c112b55,../../projects/well_engineered_projects/Adlik/benchmark/tests/test_automatic_test.py,13,1
Adlik,dba058c23ce76ff893d6c485e4ce7f097defaae3,../../projects/well_engineered_projects/Adlik/benchmark/tests/test_automatic_test.py,13,1
Adlik,4e71d0d58eebbab4eb4c7cca798d1f79323fb14d,../../projects/well_engineered_projects/Adlik/benchmark/tests/test_automatic_test.py,13,1
Adlik,34f02c460dea7866b303a31433454dd3f37888a6,../../projects/well_engineered_projects/Adlik/benchmark/tests/test_automatic_test.py,13,1
Adlik,d2ef7d8239bfffddca3de691c4cb253fb2afb367,../../projects/well_engineered_projects/Adlik/benchmark/tests/test_automatic_test.py,13,1
Adlik,05165f902af3cb8121068032659223a4531a023f,../../projects/well_engineered_projects/Adlik/benchmark/tests/test_automatic_test.py,13,1
Adlik,03e6a083739497e75a40024dabde5a0844161292,../../projects/well_engineered_projects/Adlik/benchmark/tests/test_automatic_test.py,13,1
Adlik,c0c68001c02228d88cd8e2535bba15f08fc280cd,../../projects/well_engineered_projects/Adlik/benchmark/tests/test_automatic_test.py,13,1
Adlik,8bbae3623e622af9aa39804d53ba0a6797a23542,../../projects/well_engineered_projects/Adlik/benchmark/tests/test_automatic_test.py,13,1
Adlik,2795adc2a9a90bb8c17bd0dd0598561f2ab50273,../../projects/well_engineered_projects/Adlik/benchmark/tests/test_automatic_test.py,13,1
Adlik,38bcd8d8e1a31d0957903dfe42403a795714abf5,../../projects/well_engineered_projects/Adlik/benchmark/tests/test_automatic_test.py,13,1
Adlik,cac4b601ec8b06a3e382b19b3fed7f28ef0a80d9,../../projects/well_engineered_projects/Adlik/benchmark/tests/test_automatic_test.py,13,1
Adlik,9bdd7c6bf5ca4392939dc0c71ac1ea6a0838d1a7,../../projects/well_engineered_projects/Adlik/benchmark/tests/test_automatic_test.py,13,1
Adlik,9a4378cffcd4b8073fd8fbcd062786228fb13c34,../../projects/well_engineered_projects/Adlik/benchmark/tests/test_automatic_test.py,13,1
Adlik,ecfdef2f4f5fa4a1340f246d0b926513fc9e32d3,../../projects/well_engineered_projects/Adlik/benchmark/tests/test_automatic_test.py,13,1
Adlik,89d17d9cda1332d6c3dd58e4de165272533709df,../../projects/well_engineered_projects/Adlik/benchmark/tests/test_automatic_test.py,13,1
Adlik,9a9445e6eab76b4c7df5907d16f4492764f0e3d7,../../projects/well_engineered_projects/Adlik/benchmark/tests/test_automatic_test.py,13,1
Adlik,09fe905778820bf1523ed49b8b4b4b6729f7ed95,../../projects/well_engineered_projects/Adlik/benchmark/tests/test_automatic_test.py,13,1
Adlik,842ce1ca698744550f3e6dda9270b447e73e1400,../../projects/well_engineered_projects/Adlik/benchmark/tests/test_automatic_test.py,13,1
Adlik,c37634ae1d0ea13a82555620df43aa9444fb855b,../../projects/well_engineered_projects/Adlik/benchmark/tests/test_automatic_test.py,13,1
Adlik,29c20801ba160923018045ed6da18d1a4fc79cee,../../projects/well_engineered_projects/Adlik/benchmark/tests/test_automatic_test.py,13,1
Adlik,9e83aa3b661025361f5ad9316a3f5b999598cb54,../../projects/well_engineered_projects/Adlik/benchmark/tests/test_automatic_test.py,13,1
Adlik,f67eba803b6856da7c387187b29a2ede47b4f0c2,../../projects/well_engineered_projects/Adlik/benchmark/tests/test_automatic_test.py,13,1
Adlik,73a8ccd8f4d50af4cd8a3dbf84e9ee0309149b98,../../projects/well_engineered_projects/Adlik/benchmark/tests/test_automatic_test.py,13,1
Adlik,7b76db466f7ff91e2266409ecbbec7bb0d01b302,../../projects/well_engineered_projects/Adlik/benchmark/tests/test_automatic_test.py,13,1
Adlik,c86978b064f125781a00632f619c3f92bac240b7,../../projects/well_engineered_projects/Adlik/benchmark/tests/test_automatic_test.py,13,1
Adlik,acadf8f6b37704f25ebbfbb7f02d3ab3f28aa554,../../projects/well_engineered_projects/Adlik/benchmark/tests/test_automatic_test.py,13,1
Adlik,1b04fe200c7cf01138b04ee536d92524e9f63738,../../projects/well_engineered_projects/Adlik/benchmark/tests/test_automatic_test.py,13,1
Adlik,f70fe750f5cec9cf721f4d57413dc582c8960c97,../../projects/well_engineered_projects/Adlik/benchmark/tests/test_automatic_test.py,13,1
Adlik,1def72b3be039b8b308c6b35d46682c640374c23,../../projects/well_engineered_projects/Adlik/benchmark/tests/test_automatic_test.py,13,1
Adlik,264ec8f36beeeda325a67bc286908635af0a63cd,../../projects/well_engineered_projects/Adlik/benchmark/tests/test_automatic_test.py,13,1
Adlik,e0de330cdf6e17741464a3f26cb22a522e25c45a,../../projects/well_engineered_projects/Adlik/benchmark/tests/test_automatic_test.py,13,1
Adlik,72eb114c3588067ac7e2a25036bc74a4b01d1abf,../../projects/well_engineered_projects/Adlik/benchmark/tests/test_automatic_test.py,13,1
Adlik,2afd77756bfd4560689272508118bd08ec88827f,../../projects/well_engineered_projects/Adlik/benchmark/tests/test_automatic_test.py,13,1
Adlik,33d94d77c048909c1593f10f292cb4838e4d9ebe,../../projects/well_engineered_projects/Adlik/benchmark/tests/test_automatic_test.py,13,1
Adlik,1398faaa9fcb601d592e4a6ac35556687a4900bb,../../projects/well_engineered_projects/Adlik/benchmark/tests/test_automatic_test.py,13,1
Adlik,d746183959664a2050614d3a59cf7a786d65530e,../../projects/well_engineered_projects/Adlik/benchmark/tests/test_automatic_test.py,13,1
Adlik,f66748954f2cfffb33067850bf6ed9ea9f1ae5eb,../../projects/well_engineered_projects/Adlik/benchmark/tests/test_automatic_test.py,13,1
Adlik,703d6f07e093497dcdef50ffba47c9b4475a65e1,../../projects/well_engineered_projects/Adlik/benchmark/tests/test_automatic_test.py,13,1
Adlik,5f7f33f8bfcc9cf812ed7a7730de91840c8d4810,../../projects/well_engineered_projects/Adlik/benchmark/tests/test_automatic_test.py,13,1
Adlik,47bbce773f157852222fc12d34f98e1f49ba949a,../../projects/well_engineered_projects/Adlik/benchmark/tests/test_automatic_test.py,13,1
Adlik,6a6da841ede96f1b7f77b99b8fb61e5a0b637c32,../../projects/well_engineered_projects/Adlik/benchmark/tests/test_automatic_test.py,13,1
Adlik,1e269d7c7819b47a58b862ed8c1f8c30a029d578,../../projects/well_engineered_projects/Adlik/benchmark/tests/test_automatic_test.py,13,1
Adlik,fffe89a1b533a8a548c7a41347e847ba06c600cd,../../projects/well_engineered_projects/Adlik/benchmark/tests/test_automatic_test.py,13,1
Adlik,5d6afd3112c6541cf71d74cd2926f7022ca8311e,../../projects/well_engineered_projects/Adlik/benchmark/tests/test_automatic_test.py,13,1
Adlik,55cd85e035b06273b9b42c90e7472e0dc78ad020,../../projects/well_engineered_projects/Adlik/benchmark/tests/test_automatic_test.py,13,1
Adlik,c1cfc514139b84b85f879ca22478bcd89334fb2d,../../projects/well_engineered_projects/Adlik/benchmark/tests/test_automatic_test.py,13,1
Adlik,a94ba49fca1fdf0c949dfd9059f135c5ac1a6a1a,../../projects/well_engineered_projects/Adlik/benchmark/tests/test_automatic_test.py,13,1
Adlik,9e61295845447d4452cf9589127d36be44443770,../../projects/well_engineered_projects/Adlik/benchmark/tests/test_automatic_test.py,13,1
